review_text,star_rating,review_date
"본점도 아닌데..
사람 바글바글
대전빵집클라스
주말은
주차장프리
생각보다
매장이
커서
놀람

튀김소보루는
건너편건물에

공휴일
아침 10시반인데
슈톨렌은 품절

와우~~
암튼
맛나게
냠냠냠
품절",4,2024.12.27
"대전에 오게 만드는 빵집 🍞
아침부터 수많은 사람들이 있음
바쁘지만 익숙하고 친절하게 응대하는 직원분들
가격 안보고 많이 담았는데 생각보다 가격도 착하고 맛있음
주차는 지하주차장 1시간 무료",5,2025.01.19
"수식어가 필요없는 곳이죠.
대전의 대표적인 빵집으로, 맛과 품질로 전국적으로 명성이 높은 곳이에요.

1956년에 작은 찐빵집으로 시작했지만, 지금은 지역을 넘어 많은 관광객이 찾는 명소로 성장했습니다.

대표 메뉴인 튀김소보로는 겉은 바삭하고 속은 촉촉한 단팥으로 가득 차 있어 입안에서 특별한 만족감을 줘요.

이외에도 건강을 고려한 천연 효모 빵과 다양한 디저트가 준비되어 있어 누구나 취향에 맞는 빵을 찾을 수 있습니다.

깔끔한 매장 분위기와 빵을 만드는 데 정성을 들이는 모습이 엿보입니다.

성심당은 단순한 빵집을 넘어 대전의 자랑이자 한국 빵 문화를 대표하는 명소로 자리잡았어요.",4,2024.12.25
"대전은 성심당에서 시작해서 마무리된다는 전설?!을 체험

본점 오픈런을 실패하여...대안으로 DCC점을 방문!
그런데...이미 저와 같은 생각을 하신 분들로 입구부터 문전성시네요 ㅠ

성심당이라는 이름에 걸맞은 방문자와 내부 규모에 놀랐네요^^
규모라기보다는 규모를 채우는 빵의 종류와 양에 놀람
그런데 그 빵의 종류와 양 상관없이  순식간에 팔려나가는 모습이
그 어떤 빵집에서 보지 못한 분위기. 그냥 멋집니다.

정해진 한정 수량 딸기 시루 케익은 아침 11시 기준 마감되었네요
월요일이라 그나마 이정도 인듯 합니다 ㅠㅠ

소보로, 슈크림빵 같은 기본빵과
크리미튀김소보로, 흑미진진 같은 성심당 고유빵까지
한 바구니 담아 나오는 마음이 풍성합니다!
성심당 굿즈까지~ 득템!

대전의 시작과 끝은 성심당과 함께!",4,2025.01.03
"숙소 앞에 성심당 있어 갔는데, 한곳에서 한과,케잌,빵 다 구매 할수있어 편하고 좋았어요.케잌 나오는 시간 기다리며 커피도 한잔 할 수 있어 더 좋았구요.다음에 또 대전가면 성심당 DCC점 가서 구매해야겠어요.입구 앞에 있는 성심이도 너무 귀여웠어요^^",5,2024.10.26
"성심당 본점과  비교해서 주차가 편리하고 대기라인 관리가 잘 됩니다. 서울/경기권에서 성심당 빵을 목적으로 방문하기에는 더 수월한 위치입니다.
1층 매장 진입로에서 계산 후 출구 전용 통로가 별도로 있습니다.
입점 건물 2층에는 카페가 있어서 빵과 함께 음료를 먹을 수 있다고 합니다.

대전 엑스포 공원 바로 동쪽에 닿아 있습니다. 평일 주차 무료 1시간, 주말은 무제한입니다.

2024년 9월부터 튀김 소보로 판매점은 DCC점 맞은편에 튀소정거장으로 별도 분리되었습니다. 빵 종류는 본점과 다르지 않습니다 무화과 시루, 김귤 시루도 충분히 준비되어 있더라고요.

반려동물 동반 입장은 불가능합니다.",4,2024.10.26
신상 케잌 구매하려고 아침 7시부터 줄 섰어요. 2등으로 들어가서 샀습니다ㅋㅋ다른 빵들도 사서 바로 복층에서 따뜻한 우유와 함께 먹고왔습니다. 오픈런 할 거면 본점보다는 여기가 나을 것 같습니다.,5,2024.11.25
"본점보다는 동네며 분위기 좋은듯요. 주차도 되구요.
테이블링이 유일한 곳인데 8시부터 줄 장난아니네요. 주말 오전 9시반 기준 오후에 시루 수령만 예약 가능했어요.
그래도 오전시간에는 줄 없이 입장 가능. 오후에는 약 5분에서 10분안에 들어가요. 정말 많이 사도 금액이 이거밖에안되나?? 할 정도로 가성비 좋네요.
떠귤(9000원) 맛있어요. 크림이 맛있어요. 나오는 시간에 가야 살 수 있어요. 금방 사라져요.
교황님 스콘 잠봉뵈르 튀소 좋아하는데 넘 맛있어요.
박명수가 맛있다고 한 아몬그크루아상은 오전에는 안보여서 아쉬웠어요.
진짜 다음에는 친구들이랑 와서 시루 도전해서 먹고싶어요. ㅠㅠ",4,2024.09.26
"대전 내 어느 지점이든 예전보다 줄서는 수고스러움은 늘었지만 그래도 대전 사람들이 사랑하는 곳. 맛, 가격, 철학 모든 면에서 부족함이 없는 곳",5,2024.11.25
"ICC에서 행사가 있어 갔다가 바로 근처에 성심당DCC점 있어서 방문함. 평일이라 비교적 한산..생각보다 외국인들이 많았음. 본점보다는 빵종류가 적었지만 부띠끄있어서 케이크파는건 좋았음. 생귤시루가 2개 남아있어 혹했다가 너무 많아 일인용 9,000원짜리 생귤컵케잌(떠귤)으로 삼. 안달고 상큼하고.. 담엔 멤버꾸려서 시루로 사야지.
순수롤 한통에 6조각들어있어서 셋이서 먹기좋음.
버터바(솔티카라멜) 시도했는데 성공적.
망고빙수 먹고싶었는데 지금은 안해서 논산빙수 먹음. 꼬소하니 맛남. 팥도 별로 안달아 좋음.
빙수먹으려면 DCC 통과해서 2층카페로 올라가야하는데 에스컬레이터 공사중이라 엘리베이터로 가는게 좋음. 주차는 평일 1시간 무료, 주말은 걍 무료.",4,2024.08.27
"가성비라고만 들었는데, 실제로 먹어보니 맛도 일반 프랜차이즈 빵집들보다 월등합니다. 손님들이 이른 아침부터 가득한데, 이런 회전율이 있으니 맛이 신선하고 좋은 것이겠지요.

찾으시는 사람이 많아 매장 내에서 식사하기에 쉽지는 않습니다만, 운이 좋다면 빵을 잔뜩 고르고도 아주 저렴한 가격에 맛있고 배부른 식사를 할 수 있습니다. 야끼소바빵 그립습니다...",5,2024.08.27
"아침7시 30분에 가니 대기줄이 있어서 줄섰는데 그건 9시에 나오는 상귤시루 줄이었네요 명란바게트, 치아바다 다 최고의 맛이네요 동네 빵집보다 훨씬 저렴하고요. 대기줄 위해 양산, 선풍기틀어주시는 마음 자체가 감동이네요",5,2024.08.27
"음식 : 명불허전 최고입니다.
food : this is the best bakery in korea
서비스 : 너무 바빠서 그런지 서비스를 받는다거나 그런 느낌은 없습니다. 하지만 청결을 위해 계속 청소하시는 스탭. 대기시간을 알려주는 직원이 있어 좋았습니다.
service : its not a perfect however there are many kind staffs to give us some informations around the store
분위기 : 매장 분위기는 긴줄로 인해서 바빴고 앉을 자리가 너무 부족했습니다.
it looked so busy everywhere and so long quing as well also not enough table for guests

총평 : 팥빙수 6천원 / 망고빙수 13천원 말도 안되는 가격에 최고의 퀄리티 최고네요
overall :  best price and best quality",4,2024.06.28
"2024-09

평일오후

명란바게트ㅡ없음
부추는 ㅡ심심
튀김소보루 고구마소보루?ㅡ
초딩입맛에게는 맛있음
순수롤 ㅡ 맛있음 다만 이런 스타일이 요즘 많은듯하여
앙버터 ㅡ고급진 느낌의 팥 굿
유성퐁당 ㅡ 아주 작은 사이즈 달달

2층카페 빈자리 있기도 함
팥빙수 매진이라 아이스크림 ㅡ맛있음

가격이 넘 착함

주차1시간 무료  ㅡ 1시간 더 되면 주차권 줌

본점가서 다음에는 제대로 먹어보고 싶음
오후보다는 오전에 가야될듯",4,2024.09.26
"류현진 선수가 다져스 감독님께 선물할 때 감독님께서 한입 크게 드시던 모습보고 성심당 빵 꼭 먹어 보고싶다고 생각 했습니다. 빵 가격, 맛 모두 최고입니다. 밀려드는 손님을 주체 못하는 사업장.... 딱 그 모습입니다.",5,2024.09.26
"사람이 굉장히 많고 줄을 서야 하지만
빵맛은 매우 좋아요.
전체적으로 품질이 매우 우수하며 요즘 빵값대비 저렴함
줄을 빨리 줄어 듭니다.
주차는 다른 건물에 했는데 무료주차",5,2024.07.28
"평일 오전에 방문하였습니다. 주차공간이 많이 있으며, 1시간 무료 주차 가능합니다. 지하1층에 주차장에서 1층으로 나오면 건물입구에 성심당이 바로 보입니다. 성심당 앞 줄은 케잌 예약하신 분들로 바로 매장으로 들어 가시면 됩니다. 직원분들 친절하시고, 빵맛, 가격 우리가 아는 그대로입니다. 튀소 등 여유있게 구입했습니다.",5,2024.06.28
"2024.8. 대전에서 유명한 빵집. 예전부터 그날 판매후 남는 모든 빵을 주변의 복지시설에 기부하는 선한 영향력을 행사하는 기업이라서 대전지역시민들로부터 늘 사랑을 받는 빵집. 오늘도 평일이지만 수많은 사람들이 빵을 사기 위해 줄을서서 기다리고 있음. 솔찍한 평으로는 빵류는 여느 유명한 빵집과 비슷한 메뉴들로 구성되어 있으며 성심당만의 특별한 메뉴로는 부추를 컨셉으로 한 빵, 생귤을 컨셉으로 한 생귤시루 라는 케이크가 있음. 수많은 사람들로 붐비는 곳에서 빵을 사려니 번잡함을 싫어하는 분들은 취향에 안맞을 수도. 2층에 작은 좌석 자리가 있어 이곳에서 구매한 빵과 음료를 먹을수는 있으나 사람이 너무 많아서 거의 어렵다고 봐야 할듯.기업 윤리를 실천하는 대전지역의 터줏대감같은 기업이다보니 많은 사랑을 받는듯.",4,2024.08.27
"빵줄이랑 망고시루 줄이 따로 있었습니다.
빵줄은 10분 지나니 들어가서 살 수 있었고
빙수를 먹으려면 2층으로 가야하는데
손님이 너무 많아서 못먹고 나왔습니다.
빵은 진짜 맛있네요^^",5,2024.06.28
"호텔 바로 앞이라 DCC점에만 이틀 방문함. 본점 대비 빵종류는 많이 적고, 빵이 나오더라도 품절이 금방 됨. 그래도 사려고 마음먹은건 다 살 수 있었음. 일요일에 명란바게트는 12시쯤 되니까 품절이고 언제 다시 나오는지 미정.
7월 15일부터 테이블링 도입한다고 하니 방문 예정이시면 참고하세요.
2층에 빙수랑 브런치를 먹을 수 있는 공간이 있음. 자리는 토요일엔 눈치싸움이였고 일요일엔 한줄서기로 들어갔어요 그때그때 다른듯.
브런치, 빙수 모두 가성비 좋고 맛있습니다.",4,2024.07.28
DCC 브런치 가격도 좋고 맛있네요. 사람이 너므 많아 자리맡기는 좀 어려웠어요.,4,2024.07.28
"웨이팅 많고(본점 보다는 줄이 적음)
인기 있는 빵은 금방 나가고
빵 종류도 본점 보다는 적어요
쁘띠끄(케이크전문)도 있지만
종류가 적어요
주말은 주차 무료랍니다",3,2024.09.26
"경기도에서 빵사러 왔어요.
그나마 본점은 가보기도했고.웨이팅 많이 걸려봤어서 DCC점으로 도전!
토요일 2시경 도착
한화홈 경기가 2시 시작했으니 한화팬들은 없을꺼라 생각하고 왔는데.
싱어게인 2 콘서트가 있었네..
컨벤션 지하 1층 주차장 혼잡

성심담앞 내려주고,한명은 주차장가는게 베스트(길 건너 컨벤션 2 건물 주차장 이용후 좀 걸어도 괜찮겠어요.)

대기 10분정도 후 입장

16시에 나오는 망고시루는 1시반경 대기 약 스무명정도?
기다릴만 했지만 오늘은 튀소세트구입을 위해 패스.

형제세트 사려고했는데, 품절..
튀소세트만 사서 귀가
생각보다 주말인데 웨이팅 짧아 만족스럽던 빵쇼핑.",5,2024.05.29
본점보다 웨이팅이 적어서 좋았어요. 본점보다 빵메뉴는 적은 편입니다. 그래도 인기 있는 빵들은 다 있어요. 1층에서 빵 구입후 성심당 카페에서 먹으니 색다른 맛이였어요.,5,2024.05.29
사람 제일 적은 지점이라고도 하고 마침 주변에 방문할 일이 있어 들리게 되었습니다. 그래도 성심당은 성심당인지 사람도 꽤 있었고 짧은 시간 웨이팅도 경험했어요. 빵은 역시나 저렴하고 맛도 좋았습니다. 다음에 재방문 기회 있으면 또 들릴거같네요.,5,2025.01.17
"일요일 11시 30분경 줄이 길었다.
오후에 늦게 가면 빵이 없다고 한다.
빵값이 싸진 않다. 줄이 너무 길고 매장이 혼잡했는데 빵맛이 특별하지도 않았다.
너무 고평가된 곳이다.",4,2024.10.26
"업체는 좋은 가격으로 정말 최선을 다해서 운영함.

평일 낮시간대인데도 너무 사람이 많다보니 혼잡하고 대기시간이 긴게 단점이긴 함.

2층 빙수먹을 수 있는 카페는 1층하고 직접적으로 연결되어있지않아, 먼길 돌아서 올라가야함.

대전은 성심당 이외에는 핫한 곳이 너무 없다는 것을 반증한다고 볼 수 있음.",4,2024.08.27
"국내에서 손꼽히는 빵집이라 분점이지만 주말에는 매우 사람이 많습니다.
특정빵은 매진이 빠르지만 다시 구워져 나옵니다.
물론 그때 까지 일정시간을 기다려야 합니다.
모든 직원들이 친절합니다.
여러명이 가시면 두팀으로 나눠서 줄을 서시는게 좋습니다.
혼자 가시면 먼저 튀소를 구입후 매장에 입장하세요.
튀소는 내부에서 별도 줄로 판매됩니다.
물론 매장내에서도 판매 되지만 매우빨리 매진 됩니다.
빵들의 퀄이 좋습니다.
생크림도 좋고 유명빵집이지만 가성비가 훌륭한 집입니다.
무심코 담다보면 계산시 난감하실수 있으니 잘생각해서 담으십시오.
입구 좌측에 케익류를 파는 성심당부띠끄 매장이 따로 있습니다.
딸기케익과 롤케익이 좋습니다.

매장이 좀 바뀌었네요.
입구가 동일 해졌습니다.
케익류를 파는 곳에서도 결제가 가능합니다.
요즘 망고시즌이라 망고가 대박입니다",5,2024.05.29
빵을 먹기위해 줄을 서야하는데 약 15분만에 입장이 가능했지만 망고시루는 1시간 넘게 기다려야 먹을수있다. 60년 넘는 빵집의 바이브는 역시 그냥 나오는게 아니었네요. 미슐랭 빵집의 빵을 먹으려면 이정도는 기꺼이 기다려야겠죠. 역시나 명란바게트는 품절이었습니다. 꽝 다음 기회에.. 재도전 해보겠습니다.,5,2024.07.28
"빵이 정말 맛있어요
케잌 예약에 대해 안내문이 잘 보이는 곳에 있으면 하는 아쉬움이 남습니다",4,2024.08.27
"왜대전하면성심당인줄알겠습니다.
빵이정말맛있어요.
먹어본빵중에최고입니다ㅎ
근데매장은큰편이나사람이너무많아서불편합니다.
그래도빵한입먹으면다사라져요ㅋㅋ",5,2024.04.29
"보문산메아리 사러갔다가 품절이여서 다른것만 잔뜩샀다. 망고시루는 줄서는게 엄두 안나서 그냥옴.

평일 지하주차 1시간 무료, 주말 지하주차장 무료

굿즈 귀여움",4,2024.05.29
"일요일에 왔는데 사람 엄청 많아요
2층에서 밭빙수 먹었습니다",4,2024.09.26
"대전에 있는 여러 지점 중 최근에 리모델링이 끝나서 깔끔합니다.

주차는 DCC 지하주차장을 이용하면 1시간 무료입니다 빵 사러 잠깐 주차하는 분들이 많아 주차 공간은 널널한편입니다.

리모델링을 하면서 2층에 카페도 생겨서 빵 구입 후 먹고 갈 수도있고, 부띠끄도 함께있어 케잌류나 선물용을 구매하기에 좋은곳입니다. 매장 자체도 크다보니 빵의 종류도 많아 보는 즐거움도 있습니다.",5,2024.01.24
갓 만들어진 맛있는 빵이 다양하고 가격이 괜찮아서 좋습니다. 튀김소보루는 사려면 줄을 서야해서 조금 시간이 걸리네요. 주차는 지하주차장에 할수있고 1시간 무료입니다.,4,2024.01.24
"대전에 있는 성심당 중에서 그나마 대기가 없는 곳임. 주차도 DCC에 하면 되서 다른 지점보다는 훨씬 주차가 편리한 편임. 다만 빵의 종류가 본점보다는 많지 않고, 매장이 협소한 점은 아쉽게 느껴짐. 조만간 좀 더 좋은 환경으로 이전, 리뉴얼을 한다하니 기대해보겠음!",4,2024.01.24
"대전의 명물 성심당. 이만한 빵집은 서울에서도 찾아 보기 정말 어렵습니다. 진짜 맛있어요 😍👍

1층에서 빵을 고르시고, 대기줄을 타신 후 계산하신 후, 그대로 들고 가시거나 2층의 성심당 카페에 앉아 드시면 됩니다.

DCC센터 자체적으로 1시간 기본 무료주차를 제공하고 있으니 이를 활용하시고, 시간이 더 필요할 경우 2층 성심당카페에 말씀하시면 료주차 1시간 추가가 가능합니다.

주말은 아예 무료주차입니다. 때문에 주말에는 사람들이 무척 많이 몰리니 시간을 넉넉하게 잡으시거나 아침 일찍 오시는 것도 좋습니다.",5,2024.01.24
"대전인들에겐 미안하지만 나에게는 대전=성심당의 이미지가 강하다. 내 생애 두번째 방문한 성심당은 이전의 기억보다 더 많은 종류의 빵과 디저트가 준비되어있었다.
특별히 dcc점은 주차가 편리하고 1시간 무료이니 참고하시길.",5,2024.04.29
"현재 (23년 6월 기준) 성심당 DCC(대전컨벤션 센터) 지점이 확장 리뉴얼 중이라서 6월 10일부터 임시 매장 운영 중이에요.

건너편 웰츠타워 건물 1층에서 성심당 빵과 튀김소보루&빙수를 판매하고 있고, 롯데시티호텔 1층에서 선물용 케익부띠끄, 2층에서 케이크&커피 라운지를 임시로 운영하고 있어요. 🍰

방문했을 때는 평일이어서 입장 대기 줄은 없었지만 주말에는 줄 서기를 하는지 매장 문 앞에 천막과 대기 줄 라인이 있었어요.

이미 매장 안에는 20여 명의 손님들이 빵 쇼핑을 하고 있었고 다들 트레이에 최소 10개 이상은 올라가 있는 거 같더라고요.

가게 옆쪽으로 돌아가면 튀김소보로와 빙수를 주문할 수 있는 임시 매장이 있어요.

튀김소보로 세트는 8가지가 있고 번호를 불러서 결제하고 픽업하는 시스템이에요.

튀김소보로(팥)+부추빵 + 튀소구마를 조합 별로 개수별로 나눠 놓은 것이니 다양하게 선물용으로도 구입하기 좋아요.

본점보다는 빵 가짓수는 적지만 알차게 있을 것 다 있는 성심당 DCC 점에서 맛있는 빵 폭풍 쇼핑하거나, 롯데시티 호텔 2층 케이크 부티크에서 맛있는 케이크와 커피 마시며 즐길 수 있어요.",4,2024.01.24
"성심당 가고싶었는데 집하고 너무 멀어서
갈 수 없었는데 기회가 되서  ㅎㅎ 본점은 사람 많을것같아 18시30분 DCC점 방문 대기줄 없어서 편한게  구매할 수 있었으나
유명한 망고시루나 명란바게트 소금빵은 없내요
일찍 가야 될듯",5,2024.07.28
"2층 브런치식당 분위기도 편안하고 좋아요!
dcc 딸기시루는 하루2번 판매합니다-
알럽 성심당💚",5,2024.02.29
빵종류도 다양하고 맛있었어요!!!,5,2024.11.25
"사람많아요 주말에는 지하 주차장 컨벤션선터 무료네요
빵은 기본이상하고 가격이 저렴합니다
사람너무많아요",5,2024.07.28
"성심당 대전 컨벤션 센터점입니다.
주말 대기 줄은 항상 있지만 대략 2~30분 정도면 입장이 가능해요.",5,2024.03.30
"성심당은 항상 기분좋게 이용하는 대전지역 유명한 베이커리입니다. 부추빵, 튀김소보로, 빅매치, 보문산메아리 등등 맛있는 빵이 엄청 많습니다.
성심당 DCC점의 특징은 주차장이 엄청 넓고 편리한점 입니다.
본점과 비교시 맛도 동일하고 직원분들도 엄청 밝고 친절하십니다.
항상 품질과 가격에 만족하고 있구요! 대전에 있는동안 꾸준히 이용할것입니다.
지인들이 여행오거나 방문시 선물로도 자주 이용하구 있구요! 지인들도 아주 만족하고 있습니다.
대전 과학관이나 근처 관광, 업무나 모임시 꼭 한번씩 들르셔서 이용해 보시면 좋을것 같습니다.
대전의 명소 성심당 화이팅 입니다.",5,2022.01.24
"대전의 상징 성심당
주차는 매우 편하다. 대전 컨벤션 센터 자체가 성심당 주차장이라고 생각하면 된다.
웨이팅은 내가 갔을땐 늘 없었지만 최근에 여기도 사람들 사이에서 많이 알려지면서, 웨이팅이 있는거 같기도 하다. 그래도 그렇게 기다리진 않을 듯
아기를 동반하는데 어려움은 없다.

다들 성심당 시내에 있는 곳을 방문 많이하는데, 나는 늘 여기만 간다. 앞선 요약대로 대기도 없고 주차도 편하기 때문이다. 어제 가보니 최근에 여기도 이제 많이 알려진거 같긴 한거 같다. 뭐 빵은 사실 워낙 유명하니  딱히 리뷰할건 없는 것 같다. 튀김소보로는 계산대에서 직접 말씀드려 구매하는 시스템이다. 딱히 대기나 어려움은 없었다. 가보진 않았지만 케잌 부띠끄까지 같이 입점되어있다. 넓진 않지만 있을건 다있는 매장이다. 무엇보다 자차로 대전에 방문하면 이 지점 방문이 최고인거 같다.",5,2023.01.24
"빵지순례 부동의 1위 성심당, 그중에서 성심당 DCC 점을 방문해 보았습니다. 본점으로 가지 못하여 아쉬웠지만, 여행 동선상 여기로 정하였습니다.
주소는 대전 유성구 엑스포로 107이고, 엑스포과학공원 근처에 위치해 있습니다.
이른 아침에 방문하였지만, 역시나 대기 줄이 장난이 아니었습니다. 유명한 튀김 소보루랑 판다롱 부추빵만 담으려 했지만, 탐스러운 빵들을 보니 어느덧 정신없이 담고 있었습니다. 계산을 해보니 웬만한 음식값 보다 비싼 것 같습니다.
아침을 안 먹은 관계로 허겁지겁 폭풍 흡입을 하였습니다.
배가 불러왔지만, 멈출수가 없어 정신없이 먹었습니다. 대체적으로 빵들이 다 맛있었지만, 그중에  백미는 튀김 소보루랑 보문산 메아리 갈릭치즈볼이었습니다. 그런데 판다롱부추빵은 개인적으로 좀 아쉬운 맛이었습니다.
대전에 또다시 방문을 한다면, 꼭 다시 들릴 예정입니다.",5,2022.01.24
어릴때부터 자주 가던 빵집이예요 DCC점은 처음 방문했어요 매장 규모는 크지 않은데 평일 낮에도 사람이 무척 많네요 튀김 소보로와 부추빵은 시그니처이고 시나몬롤도 맛있네요 가격 저렴하고 맛있어요 다만 직원분들이 조금만 더 친절하셨음 좋겠어요,4,2022.01.24
"빵 종류는 적지만 맛있는 빵은 다 있고
바로옆에 케익부띠끄도 있어서 좋아요!

빵 종류는 본점에 비해적지만 맛있는게 많아서 좋아요

가게앞 간이주차 또는 지하에 주차 가능합니다",4,2022.01.24
"< 기록상 첫방문입니다. >
출장길에 왔다가 성심당 빵 잔뜩 집어갑니다. 🤣",5,2024.10.26
"운영이 매끄럽고 잘 관리하고 있는 느낌의 빵집.
유명한만큼 후회없는 맛과 가격, 빵들이 질리지않고 계속 먹을 수 있을 것 같은 스타일이다.
빵의 종류도 다양하고 가격도 합리적인 편!
제일 유명한 튀김소보로도 튀긴것 치고는 느끼하지 않고 고소해서 자꾸 손이 간다.
유명한 메뉴의 경우 세트 포장판매가 잘 되어 있다.",5,2022.01.24
"아니 이시간에도 사람이 있다고? 할 시간에 갔는데도 사람이많았어요 더욱이 비도왔는데..ㅋㅋ
그래도 다행히 웨이팅 할 정도는 아니었어요 내가아는 성심당은 언제나 이정도의 북적임이 었는데... ㅠㅠ
전 우주적으로 인기가 많아져서 실로 올만에 사보네요.

주차 편해요. 매장 넓어졌어도 사람 쫌만 더 많다면 움직이는건 여전히 불편할것같지만 계산대가 많아진건 좋네요. 빵컷팅 서비스 받았는데 그 직원분이 너무 ㅋㅋㅋ 어리버리하셔서 빵 컷팅 하려다 진심 내 빵 더 너덜너덜 해질것같아서 그냥 달라고했어요 . 그리고 식빵 하나 컷팅하는데 하루걸릴듯.. 아마 극극극초보신거같아요. 그래도 맛엔문제없으니 걍 먹어야죠 뭐 .. 제가무슨힘이있나요.

암튼 올만의 성심당 잘 다녀왔어요.",5,2024.02.29
"지난 6월에 다녀왔습니다. 브런치 메뉴는 가격 대비 그저 그렇습니다. 주문을 위한 키오스크 줄 길고, 주문에 성공하고 자리 잡는데 보통 일이 아닙니다. 난리통 가운데 자리 간신히 잡고 좁게 앉아 한참 기다리면 브런치 메뉴 나와요. 자리 잡으려고 곳곳에 서 있는 사람들을 위해 최대한 빨리 먹고 나왔습니다. 빵 사는 줄도 보통 긴게 아니고 계산줄도 전쟁통이지만 승전가 부르며 전리품으로 가져온 성심당빵은 일단 가격이 넘 훌륭하고 다 맛있습니다. 담에는 캐리어 끌고 가서 싹 담아 오렵니다. 성심당 forever!",5,2024.09.26
"첨가봤는데,빵종류가 많아요
블로그,유트브 폭풍검색하고 갔구요
빵가격은 요즘 물가치고는 저렴한듯해요
빵 25,000원 정도 샀는데,
쇼핑백 한가득이네요
정신이 좀 없긴하지만,빵이 맛있어서 만족합니다~~

요즘은 빵맛집이 많은데..
성심당 빵은 뭔가 좀 담백한느낌이었습니다
이영자가 맛있다고한 명란바게트는 제입에는 아니더라구요ㅋㅋ
오히려 반미샌드위치가 빵도 부드럽고,
야채도 맛있었어요
감자빵 고구마빵은..
그냥 찹살떡에 고구마,감자 들어있는맛?ㅋㅋ

아무튼 담에또 가면 담백한 빵 위주로
사려구요~
그리고 사람 너무 많네요ㅠㅠ",5,2023.01.24
"현재는 대전의 음식 문화이자 상징이 되어버린 성심당의 대전컨벤션센터점입니다. 매장은 그리크지 않으나 성심당 답게 어마어마한 웨이팅을 느끼실수 있습니다. 개인적으로 다른점포와 웨이팅은 비슷한 수준이지맠 매장 자체가 작아 밖에 길게 줄서 있는 경우가 많아 더 붐비는 것 처럼 느껴집니다. 본점과 마찬가지로 케익부티크의 걍우에는 웨이팅이 길지는 않으니 참고하시기 바랍니다. 이곳의 단점은 빵 수급이 일정하지 않는다는 점입니다. 판티롱 부추빵, 소금빵의 경우 나오자 마자 매진되는 경향이 있어 운이 좋아야 맛볼수 있으니, 맛보고 싶으신 분들은 분들은 다른 지점에서 구매하시는 것이 좋을겁니다.",4,2024.01.24
여기가 그나마 성심당 중에 줄 젤 안서요! 그리고 빵은 (개인취향) 순수롤이 전 젤 맛있더라구요 성심당 대전여행갈때 강추합니다!!!,5,2025.01.10
잠봉뵈르 가성비 너무 좋고 다른빵들도 회전이 좋아 갓나온 빵들을 먹을 수 있어 맛있었어요,5,2024.01.24
주차하기 편하고 평일에 1시간까지 무료주차 가능합니다. 성심당이라 모든 빵종류 기본적으로 다 맛있게 먹었습니다.,4,2024.02.29
"대전의 자랑 성심당. 이 가격에 이런 퀄리티 빵파는 곳 얼마나 될까. 전국 1등 빵집 할만한듯
영원히 흥해라 성심당!!!",5,2024.01.24
"대전에 40년이상된 전통제과점으로 기업형빵가게 매출을 이긴 대기업지역빵회사이다.
튀김소브르&부추빵을 셋트로 구입!
튀소는 달고 바싹한식감이면 부추빵은 단백한맛이다.",4,2024.06.28
유명세가 있는 곳들은 실망할 수도 있다는 생각을 하고 가는데 빵이 너무 맛있었어요! 시루 사시엔 부담스러운 사람을 위해 컵 사이즈 케이크도 판매하는데 부드럽고 너무 맛있어서 시루 사올걸 하고 후회했어요🥲 DCC점은 주차도 편하고 주말이어도 대기도 길지 않아서 다음에 대전가면 꼭 다시 가고싶어요!,4,2025.01.03
"역시 성심당
저녁에가니 빵이 많이 없었어요",5,2024.07.28
너무 많은 사람이 방문.  판매중인 빵들의 위생이 걱정되요. 먼지 ㅠㅠㅠ,4,2024.12.25
"이곳은 첫방문인데  본점보다  대기도  덜하고  주차도 편하고 주변도  덜 복잡하고 ㅎㅎ 깨끗하고 😀  좋아요  👍 ㅋ
갓 만든  따스한 🍞 🥯 🥐 빵  넘나 맛있게 잘 먹었습니다 ㅎㅎ.",5,2024.03.30
비가 많이 와서 주차할수 있는 곳을 찾다가 가게 되었는데 주차도 2시간 무료이고 지하주차장이라서 비 걱정 없이 빵을 편하게 구매할 수 있었다. 좀 작아 보이지만 유명한 빵은 다 있는 듯 하다. 2층에 위치한 까페에 가져가서 음료와 함께 먹으면 된다.,5,2020.01.24
대전에서 가장 웨이팅이 심한 곳이 아닐까 합니다. 맛은 당연히 있습니다. 회전율이 빠르다보니 신선하고 따듯하단 느낌이 강합니다. 다양한 종류를 맛볼 수 있으니 대전의 맛집에는 꼭 들어가지않나 싶습니다.,3,2023.01.24
"빵맛 좋코 가격합리적
직원들은 말투 불친절;;;;",3,2024.08.27
"대전하면 성심당이고 본점보다 주차면에서 편한곳입니다. 그런면에서 차량 접근성 좋습니다.

몇년만에 성심당 빵 샀는데 부추빵이랑 다른것은 약간 실망입니다. 그리고 방금 포장해주는듯해서 약간 따뜻하길 기대했는데 바로 먹어도 그런건 없고요.

성심당은 역시 튀소인듯",4,2023.01.24
"DCC점은 고로케랑 꽈배기를 같이 튀겼는지
꽈배기에서 고로케맛이나요
주말 오후 5시쯤 갔더니 빵이 없어요 고를게 없어서 방황하다가 안 먹어보던 빵만 잔뜩 사왔는데
빵도 별로였어요...
혹시나해서 롯데백화점점 가니까 많은 빵들이 있더라구요ㅎ보문산메아리도 사고 원하는 빵들도 남아 있어서 샀어요ㅎ",2,2024.10.26
사람이 엄청 많은데 계산대도 그만큼 많아서 ㅋㅋㅋ 빨리계산되네요. 친절하진 않아요,4,2024.04.29
"대전의 명물 성심당
중앙로에 위치한 본점보다 접근성이 용이하고, 약간의 주차공간이 확보되어 있으며 최근 내부 공사를 통해 2층과 계단을 연결했습니다.",4,2024.01.24
"빵 맛있어요. 비싸지도 않고요. 주차장도 크고 좋아요.
주말에는 사람들이 많아서 빵 고르기도 계산하는대도 오래 걸리더라고요ㅜㅜ
갓 구운 빵들이라 너무 다 맛있었어요.",4,2024.01.24
외지에서 와서 살 생각이면 시내쪽이 좀 더 낫습니다. 시내보단 주차가 편해서 좋긴 한데 규모가 작아서 그런지 튀소 같이 인기 있는 건 금방 떨어지네요. 본관쪽이 기다리는 시간도 짧습니다.,5,2023.01.24
"사람많은곳을 선호하지 않는지라
대전 가기전까지만해도 왜 굳이 성심당가서 대기 고생을 하는지 이해가 안갔습니다만 막상 사와서 먹으니.. 다들 대기해가면서까지 줄서서 구매해오는 이유를 이해하게 됐습니다.
합리적가격에 빵도 고급진맛이랄까요..? 대충 인기빵+눈에 보이는거 잡아왔는데 구매해온 모든빵에서 풍미가 느껴졌습니다..
담에 또 가고 싶습니다!",5,2024.07.28
"매일 손님이 저녁까지 줄 서는데
품절 된 빵이 있다는게 이해가 안감.
수량을 예측해서 팔아야지
멀리서 가는 사람들도 많은데
보문산메아리도 없고, 고구마튀소도 없고...
친절하지도 않고...",4,2024.11.25
"저녁 늦게 갔더니 빵은 적게 남았지만 그래도 조용하고 좋네요~
직원분들도 친절하시고 이용하기 좋습니다",4,2023.01.24
"대전컨벤션센터 1층에 위치. 매장은 크지 않으나 인기있는 품목은 거의 다 있음. 지하주차장 이용시 2시간 무료.
본점보다 주차가 편하므로 대표상품인 튀김소보루와 부추빵만 구입할 의향이라면 그나마 덜 붐비는 이 매장을 이용하는 것도 좋은 대안이 될 수 있음.

대표상품 외 명란 바게트 추천~~ 상대적으로 비린 향이 덜하고 명란도 많이 들어 있음.",5,2020.01.24
대전에서는 비교적 한산한 성심당점. 성심당은 언제나 나이스!!!  최근에 리모델링을 했다. 예전에 비해 공간도 넓어지고 그만큼 다양한 빵들도 구입을 할 수 있어서 좋다.,5,2024.04.29
"메뉴 주문하는 과정에서 테이크아웃 했는데 다시 취소하고 매장에서 먹는걸로 재주문,  친절하게 바꿔줬어요~주말 방문이라 자리가 없는거 빼고는 맛도 서비스도 아주 만족했습니다",5,2024.07.28
"대전지나가는 길에 일부러 들렀네요
빵도 맛있고 좋아요",5,2024.05.29
"Dcc 2층 1956카페
빵보다 식사하러 갑니다. 가끔 호텔조식 생각날때
명란토스트 클래식모닝 먹었어요
맛은 좋은데 평일이어서 그런지 음식 샐러드 비쥬얼이 별로였어요. 싱싱해보이지 않았고 디피도 막놓은듯..뭐 가성비가 워낙 좋으니까 패스
보문산메아리 👍",5,2024.09.26
"성심당 카페, 케잌가게, 빵집 모두 있다.
케잌이랑 빵들을 사서 먹었는데 그냥 그랬다.
메인 메뉴인 튀소를 품절로 못먹어서 아쉬웠다.
2만원 이상 구매 시 튀소 1개 증정.",3,2021.01.24
"지인의 추천으로 방문, 빵순이의 천국입니다. 성심당의 튀김소보르를 포장하여 모임에 가지고 갔습니다. 그 모임의 점숙언니, 지현언니가 정말로 맛있어라하던 모습에 정말 기뻤습니다.",5,2022.01.24
"대전에 간다는 말은 성심당에 간다는
말과 동의어이다.

대전에 갔는데 성심당을 안갔다면
대전에 안가본 것.

다만 매우 혼잡할 수 있으니 주의.",5,2024.04.29
"성심당 맛이야 수많은 리뷰로 대체하고, 시에서 운영하는 컨벤션센터에 위치하고 있어 주차도 편리하고 대전의 랜드마크인 한빛탑도 옆에 있음. 1층에서 빵을 사서 2층 카페로 이동하여 커피, 음료, 빙수 등과 함께 즐길 수 있음.~",5,2021.01.24
"성심순크림빵 추천/ 튀김소보로는 여기보다 전주맘스브레드 추천 / 빙수 비추 완전 비추
물얼음빙수 좋아하면 드시면 됨

The best option bread 'fried soboro' is less delicious than 'Moms bread' in Jeonju. I do NOT recommend eating bingsu. Try sulbing is the best.",3,2023.01.24
"사람 엄청 많아요. 그래도 계산한곳이 많아 생각보다 빨리 사올 수 있었습니다.
차 가져갈 때는 한 사람이 먼저 내려서 사고 다른분은 주위 한바퀴 돌아서 오시면 되요. 천천히. 아니면 두바퀴.",5,2024.08.27
빵은 싸고 맛있다 빙수는 굳이 기다려서먹을 필요는 없을것같다 빙수에있는 떡이 맛있다 전체적으로는 실망스러운 빙수,5,2024.08.27
"20230225
와우❣️
주말에 갔더니 줄이 줄이..
토요일 오후 3시 45분쯤 갔고요

보문산메아리니 소금빵이니 다 품절.
오픈런해야 먹겠더라구요..
미리 예상하고 갔어도 와~~

글두 쭉쭉 잘 빠지는 편이에여.
고를 때도 줄서지만 계산도 줄을 서야해요.
계산 줄이 오히려 더 긴건 함정.
글두 착한 가격의 빵값과
맛이 좋아서 집에 와서 행복했어요.",4,2024.01.24
"성심당DCC점
지하주차장 1시간무료
2층 먹을수 있는 까페있음
본점보다 덜복잡해서 좋음",5,2024.04.29
언제나 사람들이 많아서 구매하기 힘들어요,4,2025.01.20
"대전에서 유명한 빵집
대학다닐때 언니랑 먹었던 빙수가 먹고싶어 딸이랑 가봤어요.
유명한 튀김소보로 소금빵등을  사서 2층에 있는 카페에서 빙수랑 먹었어요. 예전에 먹었던 맛과 똑같라는 말은 못하겠네요.  딸과의 데이트 좋았어요",5,2023.01.24
빵 맛있네요~!! 대기줄은 금방금방 줄어서 기다릴만했어요!! 대전오면 한번쯤은 들를만한곳,5,2024.03.30
"사람도 적당하고 꽤 다양한 종류의 빵을 팔고 있음
건너편에 튀김소보로와 성심당에서 판매하는 우동집도 있어서 좋은 듯",5,2024.11.25
"맛나게 먹으면 열량이 0에 수렴합니다
성심당 만세!",4,2024.07.28
가격이 비싸지 않고 삥도 훌룽합니다. 전국 유명빵집 여러군데 가봤는데 성심당 빵 뒤쳐지지 않습니다. 유명한 튀김소보루나 부추빵 말고 다른빵들도 맛있습니다.,5,2024.01.24
사람이 적다 추천 받았지만 그래도 많아요 ㅎㅎ 지하주차장 1시간 무료라 좋네요,5,2023.01.24
사람이 정말 많아요!! 빵맛 좋구요!!,5,2024.12.27
보문산메아리 빵 맛있어요.ㅎ 햄버거도 괜찮고 치아바타고 맛있어요. 여긴 튀김소보로로 유명한데 기름진걸 별로 좋아하지 않아서..ㅡ.ㅡ,5,2024.01.24
"""망고빙수""

맛있습니다!
사람이 너무 많아서, 자리 잡기가 좀 어렵네요",5,2024.06.28
"성심당 본점에 비해 매장 크기가 작지만 성심당 베스트 메뉴를 사는데 어려움이 없어요. 추석날 본점은 사람이 몰릴것 같아 DCC점으로 갔는데, DCC도 사람이 많아 빵선택후 포장,결재 대기만 20분이상 걸렸어요.
빵맛, 직원친절도, 주차를 종합적으로 평가해도 별다섯 입니다.",5,2023.01.24
"반반세트(튀소3, 부추빵3) 11,000원 / 형제세트(튀소3, 튀소구마 3) 10,000원
전시장 주차장 / 전시장 공용 화장실 남녀분리 / 포장 가능

DCC 전시장 1층에 위치한 성심당의 분점입니다. 상점 규모는 작은 편이지만 주차가 편리해(평일 1시간 무료) 많은 사람들이 찾는 곳입니다. 빵의 종류는 다른 지점들보다 적지만 관광객들이 주로 찾는 주력 시그니처 메뉴들은 무리 없이 구매가 가능합니다.",4,2024.01.24
"다른 매장에 비해 매우 작습니다.

오후 1시가 되어 방문했는데 부추빵은 품절이라는 냉대한 대답만 들었습니다.

바쁜 것 알고 있습니다. 최소한 품절 혹은 선택에 대한 기준이 없어진 것에 대해 친절히 안내할수 없었는지 생각해 주세요.

이빵을 먹기 위해 경기도에서 왔어요.",1,2023.01.24
"컨벤션 센터에 일정 있으신분. 또는 일정이 빠듯하신분. 대전 온김에 명물인 성심당 빵을 구매 하고자 하시는분들에겐 가봄직합니다.

오롯이 즐기시려면 본점을 추천합니다...만 들어가는 시간이 길고 주차가 힘듭니다.",4,2024.07.28
"국내 3대빵집 대전 성심당 대전 컨벤션센터점에
방문했습니다.
바쁜관계로 외부 사진만찍고 대전지역이 코로나 4단계라서 내부 사진은 못 찍었네요~~ㅜㅜ
부추 소보로빵 너무 맛있어요~~*^^*",4,2022.01.24
"티라미수 롤케익 너무 맛있어요!!!
순우유크림롤케익은 물론 부추빵 튀김소보로빵 굳굳!! 세트로 사드세요!! 택배주문도 가능",5,2023.01.24
빵이 정말 싸고 맛있네요 재료를 아낌없이 쓴듯 ㅋ 2층 카페에서 브런치 먹고 갑니다,4,2024.01.24
"왜 이렇게 유명한지ᆢ
10미터이상 기다리면서까지 빵을 사야되는지~??
빵을 사서 먹어보니 확실히 맛이 다르고,  많이 비싸지 않으니 좋은것 같네요ᆢ",5,2024.08.27
"사람이 너무 많아서 선택할께
별로 없어요.",5,2024.11.25
대전 성심당 빵이야 기본 이상은 하는거구요. 여름에는 팥빙수가 아주 예술이네요. ^^ 아주 자주 가는 곳입니다.,4,2021.01.24
"본점 성심당이랑은 또 다른 분위기네요.

브런치 매뉴들과 빙수, 음료 매뉴가 다양하고,
아래층에서 구매한 빵을 먹을수도 있어서 좋아요.
성심당은 다 좋네요^^",4,2024.12.25
"튀김소보루, 패스츄리류, 샌드위치 등 전부 기본 이상은 하는 곳. 특출난 맛은 아니지만 빵에 '스탠다드'가 있다면 성심당이 그 기준이 될 수 있다고 생각합니다. DCC점이 본점보다 대기가 적은 대신 베이커리 종류도 적습니다. 크레이프 케이크는 맛있었지만 멀리서 찾아갈 정도는 아니었어요.",4,2024.01.24
본점보다 빵이 다양하지는 않지만 그래도 맛있는 빵이 많아서 좋습니다. 튀소 껴안은 꿈돌이와 사진 찍을 수 있습니다.,5,2024.10.26
"1956년 부터 영업한 대전 대표 빵집의 DCC 분점
맛도 있지만, 맛보다는 대전 방문 기념품 느낌^^
계산 하기 위한 대기도 길고
생각보다 내부가 넓지 않아 불편한 점은 있음",4,2023.01.24
역시는 역시네요. 빵도 맛있고 직원분들도 착하시고 분위기도 좋은 명불허전 대전의 빵 맛집이네요. 가격도 쌉니다.,5,2024.09.26
빵도 많고 가격도 굉장히 착합니다! 대전 오면 왜 다들 성심당만 가는거지? 했는데 역시 성심당은 갈만하네요 성심당 가셔야해요ㅋㅋㅋ 다만 주차가 조금 헬인데...주변에 잘 찾아서 하셔야합니당,5,2021.01.24
빵은 정말 맛있어요. 사람들이 많아서 줄서서 들어갑니다.,5,2024.11.25
"여름에 시원한 빙수
생망고 올려줘서 좋아요",5,2024.06.28
"본점 아닌데도 사람이많았어요~ 빵이 이쁘고 인테리어도 이뻤어요.
팥빙수는 2층에서 먹어야해요.",4,2020.01.24
"DCC점 주차도 편하고 빵 종류도 많아서 좋아요 물론 본점보다는 작지만 편하게 고를수 있는 장점이 있어요

오픈 시간 맞추어서 일부러 갔는데 빵이 너무 비어 있어서 아쉽네요",5,2023.01.24
"명불허전 줄서서 먹을만 하고요..
추천할 필요도없음.
줄서는데 머 ㅎ",5,2024.11.25
"참치 고러케 , 감자빵 등등 너무 맛있네요
소보루 빵은 유명하지만 부추맛은 솔직히 기대이하였고
팥빵은 싫어하는 편인데도 맛있었어요",5,2024.01.24
대전 컨벤션 센터내의 성심당.. 그 중에서 부띠끄매장이다... 음 일반 성심당보다 이쁘고 고급스런 빵이 있는곳이다. 여기도 할로윈 분위기가 물씬이다. 그리고 여기서 빵을사면 2층 카페에서 먹을수도 있다고 한다.,5,2020.01.24
"작은 가게에 사람이 아주 많습니다.
바쁘게 빵을 만들고, 진열하고, 계산하는 모습이고..
사람이 몰리는 것에 비하면 구입하는 데에 시간이 오래걸리진 않습니다.
빵은 항상 맛있습니다.",4,2024.01.24
"대전 빵집하면 항상 거론되는 곳. 대전에서 가장 맛있는 빵이라는 생각보다 전국에서 손꼽힐정도 맛있는 빵집이라고 생각된다.

어릴적에는 대표빵인 튀김소보로, 부추빵 이런것만 먹어서 그것만 맛있는 줄 알았지만 커서 그 외에 다양한 빵을 먹어보니 다른 빵들도 참 맛있다. 무엇보다 새로운 빵에대한 연구를 많이하는 곳이다.

개인적으로 명란바게트, 애플파이가 최고인거같다. 애플파이는 정말로 방문할때마다 먹을려는 빵이다.

DCC점은 확실히 본점과 대전역 지점에 비해서 빵 종류가 적다. 그나마 이곳의 장점이라면 넓은 지하주차 공간과 2층에 성심당 카페가 있어 1층에서 산 빵을 바로 맛볼수 있다는 것이다.",4,2021.01.24
시내 본점까지 가서 들렸다 갔었는데 숙소 근처에도 있어서 좋네용👍 옆에 부띠크도 있습니다 다만 종류가 다양하진 않습니다ㅏ…,4,2022.01.24
"주차는 편하긴 하네요 매장이 작어서 번잡하더라구요
원하는 빵이 없으면 계산할때 이야기하면 가져다 줍니다
힘들덴데 다 친절하더라구요
빵맛은 튀김소보로나 부추빵은 걍 소소했구요
소금빵이 더 맛있더라구요",3,2023.01.24
"줄 길지만 신속히 빠집니다.
내부는 다소 정신이 없지만, 다양한 빵 구경에 재미있는 경험이었습니다.",5,2024.11.25
소문에 찾았다가 한번 맛보면 잊을수 없어 출장시마다 찾게되는 대전에 명물빵집! 오늘도 출석합니다,5,2024.01.24
일층 빵사는 공간이 비좁습니다. 비좁은 틈새에 사람들 계속 지나다니는데 다을 정도로 빵을 진열해 놔서 비위생적입니다. 이층 카페는 빙수나 샌드위치 가격이 합리적입니다.,3,2023.01.24
빵보다 사람이 더 많다.,4,2024.11.25
맛있는 빵을 본점과 대전역에 비해 쉽게 살수 있어요,5,2024.05.29
"토요일에 갔을때는 줄이 케잌줄과 일반줄 두개 있었는데 몰라서 케잌줄에 섰다가 다시 빵줄로 이동.
빵줄은 금방 금방 들어갈수 있었어요
카레고로케가 너무 맛있었어요^^",5,2024.06.28
"대전의 명물. 튀김소보루, 부추빵 한 번 먹어볼만하다.
매장에 가서 빵고르며 시식 할 수 있는게 아주 좋다. 시식만으로 빵하나는 먹는거 같다.",4,2020.01.24
"대전하면 성심당이 바로 생각나요!!
빵들은 맛있으나 가격은 그리 비싸지 않고 좋아유!!",5,2022.01.24
지하주차장에 세우고 여유있게 쇼핑하면 지상 갓길 주차로 혼잡을 좀 피할수 있지 않을까요 생각됩니다. 2층에 빵구매후 시식할수 있는 카페공간도 있더라구요!,5,2022.01.24
"빵은 종류가 많은데, 케익은 적습니다. 카페를 함께 이용할 수 있어서 좋습니다.",4,2022.01.24
"둔산 유성 신도심에서 가까운 성심당 분점입니다. 빵 종류는 본점보다 조금 적지만 괜찮은 빵은 여전히 많고, 2층의 브런치 카페는 본점에도 없는 메뉴들이 많고 훌륭합니다. 1층의 빵을 들고 가도 되고, 6000~10000원 정도로 브런치 치고는 저렴합니다.",5,2022.01.24
빵 종류 많아서 좋아요 지하주차장 안가고 외부에 주차하면 주차료 안나와요,3,2022.01.24
다른 점포에 비해 가짓수가 적은듯 ㅠ,5,2024.02.29
"빙수만 먹으러 간다면 본점보다 덜 붐벼서 좋다.
빵 종류는 확실히 본점이 훨씬 많음 ㅜ
빙수는 진짜 성심당이 쵝오!",4,2023.01.24
"지하주차1시간무료, 성심당 영수증 제출시 2시간 가능 초보운전도 가능한 주차장 난이도 넓고 쾌적하다 노상주차장은 협소하고 지하로 바로 내려가는게 좋고 주차장 마감시간이 있으니 체크해야함.주말에는 평일보다 사람이 더 많아서 계산줄이 길고 2층에 빵 먹을 수 있는 장소가 있으니 사람이 너무 많아서 자리가 없다. 1층에 빵집과 케이크집 두 지점이 있고 2층에 빙수와 음료도 판매하고 있다. 일행이 있으면 자리 먼저 잡고 빵사와서 먹어야 앉아서 먹을수 있을것같다.",5,2023.01.24
"처음 방문하였습니다.
코로나19 발열검사
학실히하시고
매장도 깔끔하고
맛나는 빵이 즐비하네요.",5,2021.01.24
맛나고 다좋지만 가게앞에 불법주차로 통행이 어렵습니다. 지하주차장으로 안내가 필요합니다 주차때문에 별하나 감점. 이층에 앉아서 먹을수 있는 자리가 있습니다.,4,2023.01.24
저렴하고 맛있지만 한산할 때 가고 싶다.......,5,2024.02.29
빵종류가 다양하지 못함 군데 싸고 넘 맛있음,4,2024.01.24
대전 꽃 구경가다 먼저들린곳  지하주차장이 있고 길거리 주차하고 다녀와도 됨  매장은 크지 않지만 사람 많습니다 (토요일  오전 11시)계산하는데  줄서야하는데 아주오래걸리지 않습니다  빵가격들은 참  착하네요  부추빵 소보로 빵은 한번쯤 먹을만해요,5,2023.01.24
"대전에서의 아침을....
성심당 DCC점에서 브런치
유럽의 바다뷰가 그립네...
역시 맛있는 🍞…",4,2021.01.24
"여긴 사람이 항상 많고 코로나인데도 불구하고 사람 바글바글 아마
본점인 은행동이 확진자 동선이라 사람이 별로 없는거같은데 여기는 늘 사람이 많아요..
종류가 그렇게 많은것도 아닌데.. 빵 나오는 시간에 일찍가야 빵사지.. 늦게가면 쥣뿔도 없습니다 여러분... 못사는거에요,,,",4,2021.01.24
"빵종류도 엄~~~청 많고,사람도 엄~~~청 많다..
4가지 사 왔는데 다 맛있다~~",4,2024.08.27
빵지순례 잘 다녀왔습니다. 말해 뭐해 여기는 뭐 대한민국 최고,5,2024.10.26
본점보다는 한적하지만 적은 빵종류. 팥빙수도 6000원 정도지만 인상깊지는 않았어요.,3,2023.01.24
"통유리창 너머로 밖에 바라보며 브런치, 빵, 음료 등을 먹을 수 있어서 좋아요~~!!",4,2021.01.24
"일요일 한시전, 대기 약 10분 사람 많지만, 잘 관리되는 중.",5,2024.05.29
"어 빵파는데가 아니네?
근데 분위기는 좋아보임
다음에 방문해봐야겠다.",4,2024.11.25
"성심당 분점이 생길줄이야..
여기도 줄이 어마어마하네요",5,2024.01.24
성심당은 대전의 문화 라고 합니다! SUNG SIM DANG is the culture of Dae Jeon city,5,2024.01.24
사람이 많아 혼잡하지만 직원분께서 잘 정리해 주셔서 빵 구매하는데 불편하지 않습니다,5,2023.01.24
"빵이 언제나오는지 모르기때문에
답답해서 직원들한테 물어봤는데도 모른다네요
ㅎㅎㅎ 다른 지점처럼 공지해주시면 좋을거 같아요
저처럼 물어보는 사람이 많으니 직원들도
힘들거 같네요",4,2024.11.25
"알바생 교육이 필요한 곳. 잉여 인력이 너무 많은 곳.   하는것 없이 좁은 공간에서 우루루 몰려서 뭘해야할지 모르시더라구요.

빵 커팅을 요청했는데, 자르기 싫은것 억지로 자르고 위에 빵양념이 떨어지건 말건 무심하게 대충대충. 빵은 맛있으나 서비스는 파리바게트 따라가려면 한참일듯. 직원 매뉴얼좀 개발하셔야 할듯해요.",3,2021.01.24
"빵 진짜 맛있고 사람이 엄청많아요,, 늦은시간에도 줄서서 기다림..! 22시까지 영업해요.",5,2023.01.24
"튀김소보로가 독특한 맛. 안은 단팥빵, 밖은 소보로 튀김! 대전에서만 맛볼수 있는것 같다.",5,2023.01.24
딸기 시루 덕분인지 사람이 대단히 많습니다. 그래도 내부에 줄서기 등의 정리는 잘 되고 있는 편이고 그 외의 음식들도 맛이 훌륭합니다.,4,2024.03.30
"튀긴소보루 맛있네요

잘 먹겠어요",5,2021.01.24
너무 복잡해서 않좋아요..빵가격도 많이 올렷네요.,3,2024.09.26
모든빵이 맛있다.여행3일동안 내내 방문했는데 질리지않고 맛있다.사람은 언제가든 많아서 혼잡스럽고 입장줄보다 계산줄이 길다,5,2024.05.29
"대전여행가면 항상 가는 곳. 우리나라에 이렇게 독자적인 맛있는 빵이 있다고 느끼게 해준다. 바로 먹는 부추빵, 튀김소보로, 명란바게트가 나의 최애",5,2022.01.24
예쁜달력도 주고 케이크도 맛있어요!!,5,2024.01.24
성심당 빵 먹어봤으요.,5,2024.09.26
빵이 싸고 맛있는빵이 많다 ㅎㅎ,5,2023.01.24
사람 개많다 성심당 본점에 비하면 공간이 협소해서 그런듯,3,2023.01.24
친구 선물 주려고 갔었어요.대전사는 저는 모르는 대전 명물 성심당 빵 선물세트. 선물 받은 친구가 좋아하니 저도 좋네요,5,2023.01.24
낙새 고로케 맛있어요. 가격도 만족,5,2024.01.24
"맛있는 빵을 합리적인 가격에 먹을 수 있음.
12시에 갔는데 인기빵들이 품절되서 못샀음..
튀소, 부추 등이 한시에 나온다고 하던데 꼭 그걸 먹고싶다면 빵나오는 시간 확인하고 가는걸 추천.
하지만 다른 빵들도 상당히 맛있습니다.",4,2024.01.24
"빵집 사진은 없지만,
근처 스타벅스도 있고 좋네요.",5,2020.01.24
한줄평 - 줄은 많은데 그만틈 회전률이 좋도록 해놓음.,4,2024.12.25
"대전 방문한 김에 유명한 빵집이라 방문함. 본점이 내가 찾아간 곳에서 멀어서 가까운 성심당 DCC점을 찾아감. 자동차로 가면 1시간 무료 주차할 수 있어 편리함. 튀김소보루,소금빵 등 웬만한 성심당 빵종류가 구비되어 있어 좋았음. 어린이날 시즌 상품인 거북이빵을 사려 했으나 저녁 5시30분경 방문했는데, 기다리는 시간이 넘 오래걸린다고 해서 포기하고, 튀소/고소 두종류로 된 세트를 구매하고 소금빵,감자빵 등 개별품목 몇개를 같이 사니 금방 2만원.. 그래도 다른 빵집에 비하면 저렴한 편이고, 빵맛이 좋아 만족함.",4,2024.01.24
"주말이라서 그런지 줄 장난 아님. 그래도 금방 빠짐. 운이 좋아야 생각했던 빵을 고를 수 있음.
주말 주차 무료!",3,2024.03.30
빵을 문화로 만든 성심당. 본점만큼은 아니지만 대전역점보다는 다양한 빵이 있습니다.,4,2023.01.24
"오전 10시경 창 밖을 보며 브런치 하기 좋은 곳.
근처에 엑스포 공원이 있어서 저녁 야경도 꽤 좋아요",5,2023.01.24
"성심당베이커리 DCC점은 다양한 제과류, 특히 유명한 *튀김소보로*로 유명한 인기 명소입니다. 많은 칭찬을 듣고 마침내 방문할 기회가 생겼지만 그 경험은 다소 실망스러웠습니다. 세련된 인테리어와 카페와 레스토랑이라는 두 가지 역할을 겸비한 베이커리 자체는 인상적이었지만, 그 경험은 기대에 완전히 미치지 못했습니다.

많은 사람들이 극찬하는 소보로튀김빵은 제 입맛에는 너무 기름진 것 같았습니다. 나는 일반 *소보로* 빵을 선호했는데, 기름기가 덜하고 맛이 더 균형 잡혀 있어 내 취향에 더 맞았습니다. 베이커리는 다양한 종류의 페이스트리를 제공하며 분위기는 확실히 매력적이지만, 특히 95도의 더위 속에서 밖에서 오랫동안 기다리는 것은 과도하게 느껴지고 즐거움을 앗아갔습니다.

전반적으로 성심당 베이커리는 어떤 면에서는 명성에 걸맞게 살아가고 있지만, 기다림과 지나치게 기름진 시그니처 아이템 때문에 그 경험은 나에게 덜 만족스러웠습니다. 다양성과 분위기 때문에 방문할 가치가 있지만, 특히 악천후에는 다시 긴 줄을 서야 할지 모르겠습니다.",4,2024.08.27
"1956년에 설립된 '성심교회'의 빵은 대전의 빛이라 할 수 있는데, 대전 근처에서 사먹지 않으면 아쉽다.

이 지점은 저희 매장보다 더 나은 쇼핑을 제공하며 밤에 줄을 설 필요가 없습니다. 튀긴 프로볼로네 빵도 물론 강점이지만 다른 빵의 맛도 훌륭하다.",5,2024.07.28
"대전에 오면 성심당은 꼭 가보세요. 목요일 오후에도 매장은 이미 사람들로 가득 차 있었습니다. 이곳의 제과류는 품질과 가격면에서 모두 뛰어나며, 제가 먹어본 페이스트리는 모두 매우 훌륭했습니다. 최근에 김밥을 먹어봤는데 정말 맛있었어요. 이 지점에는 첫 1시간 동안 넓은 주차장이 무료로 제공됩니다. 요청하시면 1시간 무료 주차권도 주시고, 2시간 동안 무료로 주차하실 수 있습니다. 음료와 함께 페이스트리를 즐기고 싶다면 위층에 카페도 있습니다.",5,2024.07.28
대전에서 유명한 빵집을 만나기 좋은 곳! 팥소를 넣은 유명한 튀김빵 등이 맛있습니다. 나는 그 유명한 것을 좋아합니다. 다른 것들도 좋습니다. 선택할 수 있는 다양한 빵집과 빵이 있습니다. 2층에 있는 카페. 직원들이 도움이 됩니다. 현금과 신용카드가 허용됩니다.,5,2024.04.29
"제가 대전에서 제일 좋아하는 빵집이에요. 1956년부터 가족 사업을 운영하고 있는 것으로 알고 있습니까? 확인됩니다. 나는 초콜릿 빵, 다양한 감자가 들어간 쌀빵, 초콜릿 빵을 먹어 보았습니다. 모두 나에게서 최고 점수를 받았습니다. 통밀빵도 맛있어 보였습니다. 나는 내가 관리할 수 있는 한 많은 음식을 먹기 위해 최선을 다하고 있습니다. :). 다음에는 그 유명한 튀긴 빵을 먹어봐야 할 것 같아요. 허용되는 커피 옵션과 샌드위치를 ​​제공하는 커피 카운터도 있습니다. 그러나 그들의 구운 음식은 완전히 다른 리그입니다. 그들은 상대적으로 신속하게 많은 고객에게 서비스를 제공하는 것 같습니다. 그럼에도 불구하고 매우 혼잡한 경향이 있으므로 추천합니다.",5,2024.01.24
"빵이 정말 맛있습니다. 한국적인 맛, 단팥, 고구마 등이 정말 맛있습니다. 한국 전통 빵의 맛을 잘 보존할 줄 아는 유명 빵집으로 미슐랭에서도 인정받았습니다. 매우 맛있는 점심을 먹을 수도 있습니다. 모두 빵이 들어 있지만 짠맛이 있습니다. 음료는 특별하진 않지만 맛있습니다.",5,2024.01.24
리모델링 이후로 공간이 더 넓어졌습니다. 하지만 이곳은 대전의 유명한 빵집이라 여전히 사람들로 붐빈다. 빵은 맛있지만 가격이 꽤 비쌉니다.,5,2025.01.03
"평일에도 대인기❗️
튀김 빵은 맛있었습니다.",4,2024.07.28
"빵 종류도 다양하고 정말 맛있어요
줄을 서실 때에는 올바른 위치에 줄을 서셔야 합니다. 매장 오른쪽이 빵집에 들어가는 곳입니다.
사람이 많은 것 같지만 실제로는 꽤 빨리 들어갈 수 있어요.
벽에 베스트셀러 순위가 나와 있으니 뭘 사야할지 모르겠다면 확인해 보세요.",5,2024.05.29
"대전컨벤션센터 안에 풀서비스 지점이 있는 유명 빵집입니다. 가격도 저렴하고 동네에서 제일 맛있는 빵집이에요.
본점을 방문할 수 없다면 이것은 가치 있는 대안입니다.",5,2024.01.24
"좋은 품질의 빵집, 항상 사람이 붐비는 곳,
롯데시티호텔 2층 등으로 임시 이전(2023년 6월).
원래 자리로 돌아옴 (2023년 12월)",5,2024.11.25
DCC 성심당 지점입니다. 가게는 작지만 빵은 맛있습니다. 주방 옆에는 시그니처 튀긴 빵을 판매하는 별도의 측면 창문이 있습니다. 밖에도 빵을 먹을 수 있는 테이블과 의자가 있어요. 옆 카페에서 커피를 사보세요.,5,2024.01.24
"한국에서 아주 맛있고 유명한 빵집!!

우리는 여기서 식사하는 것을 정말 좋아했습니다. 수요가 높지만(붐비지만) 기다릴 가치가 있다는 것을 알 수 있습니다.

우리가 가진 모든 것이 환상적이었습니다.",5,2024.01.24
그 장소는 거의 항상 매우 혼잡할 것입니다. 맛은 좋지만 이것이 당신이 먹어본 최고의 빵입니까? 잘 모르겠습니다.,3,2023.01.24
"이 빵집은 꼭 먹어봐야 해
우선 먹고 보기 위해 하나 샀어요
거의 20분 정도 줄을 서서 기다렸다

한번 먹어보면 정말 그 명성에 걸맞는 맛입니다.
급히 달려가서 몇개 더 샀어요
나는 그것을 어머니에게 다시 가져갔다.

원화 39,000위안 뿌렸습니다

여기 화폐는 매우 귀중합니다
하지만 사용하기가 쉽지 않아요",5,2020.01.24
본점과 마찬가지로 손님도 많습니다. 진열된 빵은 별차이 없이 맛있습니다.,5,2020.01.24
"정말 좋은 경험이었습니다. 가장 맛있는 다양한 과자와 맛있는 스낵. 쌀, 콩으로 속을 채우고... 해초로 덮고... 소시지와 매운 소스를 곁들인 퍼프 페이스트리 주머니... 선택의 폭이 넓습니다. 가격은 의외로 저렴합니다. 엄청난! 꼭 방문해보세요!",5,2024.04.29
이 근처에 계시다면 이 빵집을 놓치지 마세요. 빵을 좀 먹어봤습니다. 이곳에서는 다양한 종류의 빵을 맛볼 수 있습니다. 추천 !!!,5,2024.01.24
여기 빵은 정말 맛있어요. 맛있다 으아아아아아아아아,5,2022.01.24
"더 이상 말할 수 없습니다. 너무 맛있습니다! 진지하게, 이 도시로 이사할 생각이에요.",5,2024.09.26
"훌륭한 빵, 바게트 빵 껍질은 놀랍습니다. 나는 매우 좋은 쿠인 아만(Kouign Amann)을 발견하고 매우 기뻤습니다.",5,2022.01.24
"이곳은 꼭 가보셔야 합니다.  내부 공간이 조금 좁기는 하지만 매우 체계적으로 구성되어 있고 종류도 많습니다. 가격은 ""파리바게트""보다 더 착해요. 품질은 더 높고, 가격은 더 낮으며, 다양성은 확실히 두 배입니다. 심지어 아름다운 보도, 테이블 및 의자가 있는 야외 좌석 공간도 있습니다. 당신은 당신이 찾고있는 것 이상을 찾을 것입니다. 나는 당신도 집에 일부를 가져가서 나중에 냉장고에 보관할 것이라고 확신합니다.. . 하지만 중독되지 마세요. 과일, 야채 등 모든 음식 그룹의 균형이 잘 맞아야 합니다. 😊 떠나기 전에 꼭 확인하세요. 그들이 아주 작지만 잘 정돈된 숙소에서 열정과 자부심을 가지고 일하는 모습을 지켜보고 나중에 말해 보세요 🤗",5,2023.01.24
요즘은 본점 빵집에서 빵을 구매하기가 꽤 어렵기 때문에 빵을 사기에는 이 지점이 더 선호된다. 저렴하고 맛있습니다. 대전은 그런 곳이다.,5,2024.01.24
다양하고 맛있는 빵들. 최근 리뉴얼되었습니다.,5,2024.01.24
종류가 너무 많아서 고르기가 좀 힘들지만 몇개 골랐는데 다 맛있었어요!,5,2024.01.24
대전에서 우리가 가장 좋아하는 곳 중 하나! 다양한 종류의 특선 빵과 케이크(케이크 부티크는 바로 옆에 있습니다). 2층 카페에서 바라보는 한빛타워의 풍경은 늘 추억을 불러일으킵니다. 카페는 아늑하고 환영합니다.,5,2020.01.24
성심당 빵집은 단팥빵이나 야채빵 등 맛있는 빵으로 정말 유명해요. 하지만 조심하세요! 거의 매일 사람이 너무 많아요.,3,2020.01.24
놀라운 빵집 - 근처 호텔에 머무는 동안 거의 모든 것을 먹어봤는데 각 품목이 입에서 녹고 맛있었습니다. 👏성심당을 적극 추천합니다…,5,2023.01.24
지금까지 본 빵집 중 최고의 빵집. 최고의 패스트리와 빵 바가 없습니다. 장소를 확인하기 위해 여행을 떠날 가치가 있었습니다.,5,2022.01.24
나는 이 빵집을 매우 좋아한다. 왜냐하면 항상 신선한 빵을 팔기 때문이다. 튀긴빵(튀김소보루)이 유명해요.,5,2022.01.24
이 빵집은 환상적이었습니다.  라즈베리 크루아상은 달콤하고 촉촉하며 바삭바삭합니다. 놀라운 선택.,5,2023.01.24
엄청난!,5,2024.01.24
"빵도 너무 맛있고, 위층으로 올라가면 브런치 카페도 있어요.",5,2021.01.24
다양한 빵과 케이크. 항상 현지인들로 바쁘다.,4,2024.01.24
"달달한 과자가 아닌 세이보리 미국식 별 3개, 한국식 별 5개",3,2020.01.24
녹차빵👍🏼…,5,2019.01.24
정말 맛있어요😋😋😋…,5,2023.01.24
전망이 너무 좋고 커피와 샐러드❤️,3,2022.01.24
멋지고 신선한 빵집이 많고 친절한 직원이 있는 흥미로운 장소,5,2023.01.24
대전 꼭 가봐야 할 곳!  거기에서 어떤 빵을 선택하든 미소를 짓게 될 것입니다.,5,2021.01.24
말 그대로 한국에서 먹은 빵 중 최고였어요,5,2021.01.24
마카롱은 매우 맛있습니다.,5,2021.01.24
마을 최고의 빵 가게. 변형이 너무 많습니다.,5,2020.01.24
너무 좋아요 방문하셔서 신선한 빵도 사가세요,4,2020.01.24
와 대전 최고의 빵집 중 하나입니다.,5,2022.01.24
갓 구운 최고 품질의 제품.,5,2023.01.24
사실이라기엔 너무 맛있어요...맛있어요,5,2020.01.24
즐기기에 좋음,4,2021.01.24
좋은 카페,4,2020.01.24
그래서 그래서,1,2024.01.24
대한민국 최고의 빵집,5,2020.01.24
놀라운,5,2024.01.24
최고의 지역 빵집,5,2023.01.24
좋은 제과점 빵집,5,2023.01.24
훌륭한,5,2023.01.24
좋은,4,2022.01.24
맛있는,5,2023.01.24
좋은,5,2023.01.24
별로 나쁘지 않아,3,2020.01.24
좋은,3,2022.01.24
좋은,5,2021.01.24
좋은,5,2021.01.24
붐비는,2,2022.01.24
최고 중의 최고,5,2024.02.29
마을 최고의,4,2020.01.24
좋은 맛,5,2019.01.24
"본점만  다녀오기  뭐해서  김치 주먹밥 사러 2차로  방문   많은 종류의 빵이  있어요  주먹밥 나오기 까지 이십분 기다려  20개  구매
누룽지처럼  쫀득하며 고소해 냉동실에  쟁여 놓고  밥대신 먹어도  좋아요 김치 주먹밥 은 질리지 읺는  나만의 치트키",5,2025.01.17
은행동에 있는 성심당 본점보다 덜 붐비고 주차도 편하기에 접근성이 좋고 백화점 위치했기에 편의시설과의 연계도 좋다. 빵지순례를 위해 대전의 성심당을 찾을거라면 본점보다는 이 곳을 추천하고 싶다.,5,2025.01.10
"대전사람들 다 모인듯해요. 백화점 사람  없는데 성심당만 바글바글 합니다. 빵  가격이 저렴하면서도 종류도 다양합니다.
다른지점에서 품절인  딸기시루  롯백점에서  구매하였습니다.",5,2025.01.17
"대전을 더 유명하게 만든 그 성심당입니다.

무화과 시루 1호 45,700(아이스팩 700 포함)
아이스 아메리카노 4,000
튀김 소보로 1,700
브리치즈 샌드위치 8,000
연어크로아상 7,500

롯데백화점 정문으로 들어서서 왼쪽에 있어요. 근처에만 가도 빵냄새가 진동해요.
입구부터 늘어선 빵들에 정신줄을 놓기 쉽습니다. 조심하세요. ㅋㅋㅋ
빵 종류가 정말 어마어마해요. 계산 줄에 서 있는데 부산, 논산, 서울 아주 각지에서 왔다는 것을 느낄 수 있었어요.
1. 대표메뉴 튀김소보로. 갓 나온 이 녀셕은 청각으로 먹는 빵입니다. 그 바삭함이라니. 팥도 많이 달지 않아요. 정말 미쳤어요. 시간이 지나면 이 느낌이 줄어든다는 단점이 있어요.
2. 브리치즈 샌드위치. 도톰한 브리치즈와 사과가 꽤 잘 어울립니다. 바삭한 곡뮬빵은 씹을수록 고소함이 더해져요. 무방비로 드시면 입천장이 벗겨질 수 있어요. 빵의 겉면이 좀 딱딱해요. 칼로 잘라서 드시는 것을 추천합니다.
3. 연어 크로아상. 바삭한 크로아상과 신선한 연어 조합은 맛이 없을 수가 없어요. ㅎㅎ
4. 무화과 시루 1호.
아 진짜 대박이에요. bbb 이토록 촘촘한 과일 케이크라니!!! 저 봉긋한 무화과 산 밑에는 신선한 생크림이 자리잡았고요. 빵 시트 사이에는 무화과와 잼이 자리하고 있어요.
빵집은 1층이지만 홀케이크는 지하1층 식품관에 있어요. 마트 과일 코너 바로 옆에 있어요. 안내표시가 없으니 잘 보셔야합니다. 아이스팩은 최장 5시간까지입니다.
평일 낮에 오니 여유 있게 케이크를 살 수 있었어요. 빵집은 사람이 바글바글해요. 연세 드신 분들도 많이 보입니다. 예전 맛이라고 하시네요.
홀 케이크가 부담스럽다면 꼬마 케이크? 타르트? 도 있으니 드셔보세요.
맛은 기본에 시원하고 주차도 편해요.",5,2024.09.26
"명성이 자자힌 성심당.
기존 대형 프렌차이즈 빵집에 비해 가격은 정말 착함.
하지만 튀소 제외 크게 맛있다고 느낀 빵은 없었음.",4,2024.11.25
"딸기시루를 먹고 싶은 자
본점보다는 성심당 롯데백화점을 추천한다
본점은 새벽부터 줄을 서서 사야하지만
여기는 40분만 기다려도 살 수있다
다만 딸기시루 막내만 살 수 있으니 참고 하시길
딸기시루는 맛있었다
다른 빵을 사러 올때도 롯데백화점을 가는 것을 추천한다",5,2025.01.03
"성심당.

명절마다 은사님이신 교수님댁을 방문하러 대전을 간다. 그럴 때마다 꼭 들리는 곳. 성심당.

그 동안은 대전역사점이나 본점을 가서 튀김소보로 정도 간단하게 샀었는데 이번엔 친구들의 심부름 겸 롯데백화점대전점을 방문했다.

1층에 꽤 큰 공간을 차지하고 있고 사람들로 인산인해를 이루고 있었다. 그래도 빵 담는 트레이(빵빵카라고 이름도 귀엽게 붙어 있다) 등이 잘 구비되어 있고 동선 정리가 되어 있어 빵을 구경하거나 담는덴 문제가 되지 않는다.

친구들의 부탁이었던 ‘보문산 메아리’랑 ‘작은메아리’를 비롯해서 여러가지 빵을 담는데 자꾸만 시선이 가는 곳이 있었다.
바로 샌드위치 만드는 곳.
철판에 고기를 직접 볶아가며 샌드위치를 만드는데 뒤에 일정만 없었으면 바로 집었을 정도로 맛나보였다. 다음번엔 당일치기 여행으로 꼭 다시 와보리 마음 먹었다.

이 지점을 방문한 이유는 요즘 화제인 ‘시루케이크’를 구경하기 위해서. 롯데백화점 지점은 시루케이크를 판매하는 곳이 지하1층에 따로 있고 시즌 메뉴인 ‘무화과 시루케이크’도 이 지점에서만 판매한다.

바로 옆에 있던 에스컬레이터를 타고 내려가니 귤시루케이크가 쌓여 있고 줄을 선 사람들의 모습도 보인다. 다음 번에는 여러명이서 방문해서 꼭 이 케익도 맛보기로 다짐했다.

역시 성심광역시…가득 담아도 그렇게 비싼 가격이 아니라 맘이 놓인다. 설에 또 오리.",5,2024.10.26
"예상대로 사람이 많았지만, 시간대별로 빵들이 계속 나와서 원하는것 살 수 있었어요. 빵줄보다 계산줄이 더 길고 오래걸리니 참고하세요.",5,2024.09.26
"주말에는 시루 구매를 위해 오픈런을 해도 1시간 이상 기다렸지만 방학도 아닌 평일 오전에는 대기가 아예 없는 경우도 있습니다.
그래도 본점은 대기가 좀 있었던거 고려하면 약간 역에서 멀더라도 다른 지역에서 오신 분들는 웨이팅이 적은 이곳으로 오는 것도 괜찮은 전략입니다.",5,2024.09.26
"망고시루를 사러왔는데 생귤시루로 바뀌었더라고요 아쉽습니다. 빵 진짜 산더미처럼 샀는데 4만원정도밖에 안나오고
전체적으로 빵이 저렴해요 진짜 계산
대기줄이 백화점 입구까지 서서 정말 대박이었어요!!  튀김소보루, 부추빵은 아는 맛이라 구매는 하지 않았습니다. 토요빵, 월넛브레드,작은메아리, 크림치즈화이트번 등등 잡히는건 다 샀습니다. 대전에 오시면 꼭 와보세요!!",5,2024.07.28
"줄이 너무길다. 기본 30분 정도 기다려야함.
빙수 6,000원 가성비가 좋다.테이크 아웃도 되고 먹고 갈수도 있다.",4,2024.08.27
"2024.07.12 금요일
망고시루 사러 10시 45분 도착.
주차는 지하3층까지는 거의 만차고 지하 4,5층은 여유있었어요
줄이 식품관 진열대 감고 굽이굽이 서있고 약 1시간 30분의 기다림 끝에 망고시루 샀어요.
줄서기 1인당 1개 가능합니다

줄서서 기다리는데 11시 50분쯤 오늘 준비된 망고시루는 품절이래요..그 이후로 오신 분들은 못샀을거에요

직원분들이 친절하게 줄서기 도와줍니다
망고시루는 7월 31일까지래요

지하에서 케이크사고 1층 성심당 빵사러 갔어요
빵카트가 많이 없어서 간신히 구해서 끌고다녔어요
전쟁터 같아요
일단 줄설필요없고 빵 다고르고 줄서세요
케이크 계산줄 빵 계산줄 다르니 잘보고 서세요

없는빵도 많고 지금은 없는데 갑자기 나오기도 하고 막나온빵도 금방 없어지고 정신없어요
계획했던대로 못사고 그냥 보이는대로 집어야해요

이와중에 직원분들 친절합니다
사람 너무 많아서 자주는 못올것 같아요",4,2024.07.28
"대전 롯대백화점이 사람도 많이없고 한산한편인데요, 성심당  효과인지 성심당이 있는 1층과 지하 1층에는 사람이 미어터집니다. 처음엔 튀김소보로만 팝업형태로 입점했었는데, 이젠 모든 빵과 케이크, 카페, 식당까지 다 운영하니 아주 넓은 구역을 사용함에도 사람이 너무 많아 미어터집니다. 1층에서 팥빙수 하나 포장하고 집에가려고 지하로 이동하는데, 오잉? 망고시루 줄이 아주 짧았습니다. 산처럼 쌓여있는 망고시루에 홀린듯이 줄서서 구매했네요. 운이 좋았는지 5분도 채 걸리지 않았습니다. 맛은 너무 좋았는데, 쉽게 무너져서 이쁘게 먹진 못했네요 ㅎㅎ 한번 먹어봤으니 이젠 줄 안서도 되겠습니다.😉",5,2024.07.28
"성심당 본점에 대기줄이 너무 길어서
#성심당롯데백화점
실내라 덥지 않음
손님은 여전히 많음
전국 최고의 빵집이란 소문을 눈으로 확인함",5,2024.08.27
"주말 사람들 인산 인해 긴줄로 인해 장시간 기다림
성심당 대표 튀소 형제셋트 구매
주차라인도 긴줄이라서 건너편 이모네 아파트 방문주차함 은행동 본점보다 오늘은 붐비네요 ㅋ",4,2024.07.28
"백화점 오픈전도착 오픈전에는
귤시루(현재망고시루는 판매하지않아요) 1층매장서 주문픽업가능합니다.",5,2024.08.27
"말뭐 말뭐♡
합리적인 가격, 훌륭한 맛, 바쁜 와중에도 친절함.
어릴적 대전 엑스포 이후 32년만의 대전 방문인데 마지막 기억이 성심당이라 아주 행복합니다.",5,2024.10.26
"정신없이 바빠요. 금요일인데 운 좋게도 줄 안서고 바로 들어갔어요. 마지막 남은 애플바질잠봉샌드위치 제가 가져갑니다~ㅎㅎ
어떤 빵이 맛있는지 추천 이딴거 다 필요없어요.
집는 사람이 임자인거 처럼 담기 바빠요. ㅎㅎ
여유롭게 고를 시간이 없어요. 손은 눈보다 빠르게~ 아시죠..?? 안그럼 맛있는 빵 놓칩니다.",5,2024.04.29
본점보다 쾌적하게 이용했어요. 규모가 큰 편은 아니지만 다양한 종류의 빵을 보는 재미가 있습니다. 과일시루는 1층이 아니라 지하 1층에 별도 매장에서 구입이 가능합니다.,4,2024.05.29
"오후에 가니까 다 빈트레이들이고 명란바게트, 크림롤 만 가득했습니다 계속 계속 기다리다보면 트레이 하나 나오고 또 기다리고기다리면 또 하나 나옵니다 그래서 계산줄에 서있으면 빵나오는거보고 다시 가고 또 가고ㅠㅠ 2명이서 가십시오 한명은 줄서고 한명은 빵 사시라 애플브리치즈샌드위치 진짜 👍 👍 이것때매 고생이 잊혀집니다 다른건 그냥 가성비 빵... 고로케는 야채빵",4,2024.05.29
"백화점 1층에 성심당 빵 코너가 있어서 빵을 구입하기에 좋습니다. 빵 종류도 많고, 맛도 있는 빵이 가격도 무척 착합니다. 빵을 사려는 고객들로 인산인해입니다. 화제의 성심당 크리스마스 케익 코너는 따로 있더군요.",5,2024.01.24
"백화점 지하에 주차를 하고
바로 올라갈수 있는 엘리베이터를 찾아서 타고 올라갔어요
빵들이 진짜 너무 먹고싶게 생겨서 ..
다 먹어보고 싶지만  먹을수 있는 만큼만.. ㅜㅜ
백화점이라 주차도 편하고
평일 낮시간이라 많이 분주하지 않아서 좋았습니다",5,2024.01.24
맛있는 빵도 엄청 많고 좋았는데 줄이... 난리도 아니라 빵을 고르러 다니기가 힘드네요. 스콘어디갔나햇더니 그 앞을 줄이 다 막고있고 동선을 빵과 계산대를 분류하던지 하면 좋을꺼같아요~~ 너무 복잡해요,4,2024.01.24
"손님이 너무 많은가 말곤 다 좋습니다
워낙 유명한 빵집이라
다른 설명은 팔요치않습니다

본점보다는 여기가 그나마 손님이 적지만
정말 붐빕니다

망고시루는 오전에 일찍 지하1층에서
대기표를 미리 뽑고
2시간 정도 기다려야합니다",5,2024.05.29
"이른아침부터 이렇게 많은 사람들이 있을줄 몰랐어요
빵종류가 많고사고 싶은게 많았지만 이걸 다 못먹으니  아쉬울뿐ㅎ
체계가 잘 잡혀 있는 느낌이랄까^^
지하 주차장에 주차하시고 가세요.",5,2024.02.29
가성비는 매우 좋다. 그런데 손님에 대한 배려는 좀 부족한 편이 아닐까? 일단 매장안에 손님이 너무 많다. 항상 사람에 치이고 빵카트에 치인다. 계산대에서의 대기도 만만찮다. 이 정도라면 매장면적을 더 확보하든가 새 분점을 열어야 한다고 본다. 긴 대기행렬을 마케팅의 수단으로 여기고 즐기는 것 같다.,4,2025.01.17
"케익 사러들렀어요
평일이라 눈치게임 승
샌드위치도 사고 고로케도사고
조각케익도 사고
오늘은 대성공",5,2024.09.26
"망고시루 아니면 빵 고르는 시간은 금방인데 계산하는데 최소 30~40분 걸리네요 ㅠㅠ
빵은 맛있지만 주차와 계산이 너무 불편해요",5,2024.07.28
"아침에 오픈런했더니 빵이 한가득이었어요.
카프레제샌드위치 진짜 맛있어요👍 토마토랑 바질페스토가 so fresh!! 추천해요! 야끼소바빵 만드는 냄새가 엄청 좋았는데, 나오는 시간이 오래 걸려서 못 먹은게 아쉽네요ㅠ…",5,2024.01.24
진짜 많이 혼잡해요. 망고시루는 가벼운 크림이 맛있었습니다.,4,2024.08.27
"(대전 맛집) 대전 롯데백화점에 있는 성심당 매장이다.

1. 대전에 있는 성심당의 4개 매장중에서 주차 공간 많다.
2. 쾌적한 곳이란 생각을 갖고 있다.
3. 최근에는 망고시루 전용매장이 생겨서 망고시루 구매하기도 편해졌지만 기왕이면 웨이팅 어플을 도입하면 더 좋을 것 같다는 생각이다.
4. 너무 늦은 시간(저녁 7시30분 이후)에 가면 빵이 없다. ㅜㅜ",5,2024.06.28
"성심당 본점보다 좋네요
본점만 나오는 빵이 따로 있는거도 아니지만
급히
들러 잠깐 사고 갈 수 있는 곳이 너무 좋네요",4,2024.04.29
"대전 출장와서 방문 했어요
와이프가 준 숙제 하러.. ㅋㅋ

백화점에 있어 주차도 편하고
분위기도 매우 좋습니다

평일 오전에 방문 했는데도 사람이 많아요
계산 하려면 줄 서야 합니다
빵맛은 당연 최고구요

잠봉뵈르, 튀김소보로, 모카빵, 메아리
등등 사왔습니다",5,2024.01.24
"롯데백화점 1층 절반 정도가 성심당인듯 ㅎㅎ 화장품 매장이 빵냄새에 가려저 향수 사러 갔다 빵만 사갖고 올 듯 해요. ㅎㅎ 빵은 정말 좋은 재료를 쓰나 봐요. 버터향도 정말 고소하고, 밀가루 숙성도 잘 되어서 밀가루 풋내가 나지 않아요. 맛에 비해 빵가격은 그렇게 비싸지 않은 듯 하네요. 워낙 맛이 좋아요. 다만, 계산 하고 난 후에 바게트 컷팅을 따로 받아야 하기 때문에 동선이 좀 꼬여서 그게 불편했어요. 그 것 때문에 서비스 별점 하나 뺏지만, 직원들은 대체로 친절했습니다.",5,2024.02.29
"하도성심당성심당해서
반신반의하며갔는데
역시성심당하고나오게됐다
진짜대전사람이부럽다",5,2024.07.28
"빵저렴하고 너무 맛있어요!

파리바게뜨 보다 훨좋네요

튀김소보루는 진짜 꿀맛! 다른빵들도 저렴하고 맛있어요

여기 갈때마다 살쪄서 옵니더...테이크 아웃 가능하고 먹고갈수 있도록 테이블도 있습니다.'

추천제품
부추빵
튀소구마
튀김소보로
초코튀김 소보로
크레페
오키도키슈
등등등 맛없는빵이 없을정도로 추천합니다!",5,2024.01.24
"유명한 곳이죠. 매장은 넓고 다양한 빵을 판매합니다.

아침 8시부터 오픈해서 일찍 방문했더니.. 손님은 적어서 좋았는데 빵이 아직 많이 안나왔더군요..

주차도 문화센터와 함께사용하는 전용주차장이 있어서 편리학게 주차하실수 있습니다. 30분까진 무료, 1만원 이상 구입시 1시간 무료입니다",5,2023.01.24
"카페처럼 먹을 수 있는 공간이 새로 생겨 좋다. 빵 종류가 많고,  샌드위치나 소금빵은 바로 나가서 구하기 쉽지 않다. 딸기 시즌에는 케이크를 먹지 않을 수 없는 편.",4,2024.01.24
붐벼서 정신없었지만 궁금한것 물어보면 다들 바쁜와중에도 친절하게 대답해주었음. 빵은 다 맛있고 재료를 아끼지않은 느낌이 듬. 음료도 만족스러웠음.,4,2024.01.24
지난주에 DCC 가 인테리어중이라... 제대로 골라먹지 못해서 온 건데... 만족스럽네요. 앞으로는 이쪽으로 자주올 듯하고 사람이 많아서.. 사람에 채이기는 마찮가지지만... 케익이나 빵 여유있게 줄서서 고를 수 있는 편입니다.,5,2024.01.24
망고시루 하나만 보고 대전까지 와서 구매했어요! 다행히 갔을때는 웨이팅 안심해서 금방 구매했구용 망고가 진짜 많이 들어가요!! 심지어 맛있음! 근데 망고가 달고 크림도 달아서 좀 느끼하긴해유,4,2024.07.28
"성심당 빵 생각에 가까운 롯데백화점을 방문했습니다.

예전엔 지하와 1층에 나누어서 영업을 했었는데 현재는 1층에서 모두 이용할 수 있어서 편리합니다.^^

실컷 구경하고 좋아하는 빵도 듬뿍사서 돌아왔습니다.

빵이나 케잌, 음료 모두 구매할 수있고 테이블이 있어서 취식도 가능하니 이용하시면 좋을것 같습니다.^^

대전의 자랑 성심당 너무 좋아요!^^",5,2023.01.24
"백화점 지상주차장 이용의 편리함(영수증 주차정산 가능) 다양한 종류의 빵과 착한 가격, 시원하고 역시 가격 착한 팥빙수와 커피, 케이크까지 정말 만족해요.
구입하고 싶은 빵종류를 늘 구입할 수 있는 것은 아니라서 아쉬움도 있지만(매진되어서요), 그때는 다른 종류의 빵을 체험해 보는 것도 좋고, 포인트적립률도 정말 좋아요.
성심당이 있는 지역에 살고 있어서 행복합니다.",5,2024.01.24
"친정 옆인데 가기 힘드네요
평일이라 그래도 줄이 짧아서 럭키비키",5,2024.11.25
롯데백화점 안에 있는 성심당. 주말이라 그랬는지 진짜 사람이 말도 안 되게 많아서 빵을 제대로 보기도 힘들었다...겨우겨우 사긴 했지만 계산줄도 너무 길고ㅠㅠ 빵은 맛있었다...,3,2024.01.24
"집근처에 있는 성심당!! 공사후 재오픈을 해서 어떻게 변했는지 궁금도하고 빵종류가 얼마나 변했는지 호기심이 생겨서 방문을 했네요....저녁먹고 소화도 시킬겸 왔는데..실내인테리어를 엄청 신경 쓴게 보이더라구요!! 빵종류도 엄청 많아 보이는거 같더라구요...저녁에 방문한터라 판매되고 없는 빵이 많더라구요...간단히 빵을사고 생맥주 주문하고  테이블에서 빵맥을 시작했죠..다음번에는 조금 일찍와서 빵맥을 다시 해봐야 겠더라구요!! 빵종류도 많아진거 같고...샌드위치도 바로 만들어서 판매하는거라 더 맛이있더라구요!! 커피도 판매하고..거기에 생맥주까지..판매하니 진짜 좋더라구요!! 빵도 테마별로 분리를 해서 그런지 괜찮더라구요..,예전에는 피자도 한판나오고 다 소진되야 다시 굽던데...지금은 피자도 3가지맛을 한판씩 구비해서 좋더라구요..따끈따끈 해서 맥주랑 바로 먹을수있어 좋았어요!! 예전에는 백화점 오픈해야 갈수있었는데..지금은 개별문이 있어서 그런지 오전 8시부터 밤 10시까지 하니..여우롭게 올수 있어요!! 성심당 본점보다 더크고..먹을꺼도 더 많이 있어서 본점까지 갈일이 없어서 좋아용!",4,2021.01.24
"성심당 롯백점 방문 2번째입니다:)
나름 다양했던 빵종류, 백화점지점이라 그런지 깔끔하고 쾌적했던 공간(오전시간에 다녀옴),
가성비갑 맛보장 빵집, 뿌띠끄에서 따로 파는 롤케잌이나 타르트를 같이 살수 있어서 좋았음
다만, 본점처럼 가지각색의 빵종류가 다 모여있는건 아니고 붐비는 시간에 가면 본점만큼 정신없을것 같았습니다",4,2022.01.24
빵종류 다양하고 가성비 좋아요,5,2024.07.28
야끼소바빵이랑 소금빵 진짜 촤고 맛있어요-!!! 소금빵 가격이 정말 미친듯이 착하네요. 1200원-!!!! 인당 5개 구매 제한이 있어서 아쉽지만 이 가격에 이 퀄리티 놀라워요-!!! 소금빵 먹으러 또 와야 겠어요~!! 튀김소보루도 맛있도 초코튀소도 맛있고 빵 다 맛있습니다-!! 빵쳐돌이 죽어요-!!,5,2023.01.24
"대전의 필수코스
지난번 방문에 본점과 대전역점을 들렸기도 하고... 본점이 한눈에 줄이 다 들어오지 않을 정도로 대기가 길어 차라리 지하철타고 용문역으로 가는게 낫겠다 싶어 이동함.
이곳에서도 줄을 섰지만, 빵고르는 자체는 금방 들어가고, 결제줄도 길지만 줄을 통제하는 직원도 있고, 가는 길에 작은 간식들도 고를 수 있어서 괜찮았다. 계산원들이 노련해서 줄은 빨리 빠짐.

본점과 다른 메뉴도 있다고.

가장 마음에 드는건 브리치즈가 들어간 치아바타 샌드위치. 두개나 삼.

진짜 내키는 대로 다 담았는데 나는 2만원 초반, 일행은 3만원 중반 나옴.
다른 빵집이었으면 4-5만원 이상은 나왔을듯

백화점 1층에서 명품을 몰아내고 빵을 팔고, 외부 출입구도 있다. 대단하다. 면적도 못 해도 1/3~1/2는 될듯

도저히 사진을 찍을 수 없는 인파라 내부사진은 없다.",5,2024.03.30
"롯데백화점 1층에 입점해 있는 성심당입니다.
점심시간 전후로는 계산하기 위한 줄이 길어요.
여기서만 야끼소바빵을 팔아요.",4,2023.01.24
성심당 빵은 사랑 그잡채^^,5,2024.09.26
손님이 많다고 불친절하면 안돼요,4,2024.08.27
"맛있는 빵을 합리적인 가격에 구매할수있어요
줄이 매우길고 사람이 많지만 기다릴만한 가치가 있습니다",5,2024.10.26
#대전빵집 대전을 대표하는 빵집 성심당이 대전 #롯데백화점 1층에 크게 확장되었다. 규모도 상당히 커졌고 중간중간 돌아다니는 로보트도 즐겁다. 가장 만족스러운건 #빵맥 인데 적당한 가격에 신선한 생맥주를 빵과 함께 맛볼 수 있다. 야외테라스와 맥주를 맛볼 수 있는 시간은 오후 10시까지. 별미인 두부 과자는 맥주안주로 참 좋았다.,5,2021.01.24
"개인적으로 서울 부산 천안 목포 군산 등등 왠만한 전국빵집 가봤지만 성심당이 제일 좋은듯합니다.
맛있는데 빵 가격도 부담스럽지 않은곳.",5,2022.01.24
"유명한 곳이라서 그런지 사람이 엄청 많네요.
유명한빵은 거의 없었지만 다른 빵들도 부드럽고 맛있네요.백화점 옆이라서 구경도하고 조아요.",3,2023.01.24
대전 롯데백화점에 있는 성심당에서 새롭게 출시된 초코튀소 맛봤어요. 바삭한 튀소에 초콜렛이 토핑이되어 바삭 달달한게 정말 맛있습니다. 앞으로 인기빵이 될 것 같네요.,5,2021.01.24
자리 없으면 일단 주문을 안 받는 걸로 되면 좋겠어요. 관광지 수준의 가게인데 일반 카페처럼 다 사용하고도 자리에 앉아 시간을 보내는 분들이 계신데 서로 배려가 필요할 듯 해요. 줄이 자꾸 길어져서 급하게 고른 뒤에 오래 기다려 계산하고 나오는데 새로운 빵이 진열되어 있어서 다음에 또 가야할 것 같네요^^,4,2024.08.27
"성심당도 점점 가격이 조금씩 올라서 아쉬움이 있어요 ㅎ::: 기본빵은 맛납니다. 본점보다는 빵크기가 조콤 작게 느껴졌습니다.

커피는 쓰답니다. [다크로스팅!]",4,2024.09.26
"계산줄이 길어요~ 빵 고르는것도 사람들에 이리저리 치임

그 기다림의 시간이 아깝지 않을만큼 빵이 맛있다
또 줄서고 싶게 만드는 맛",5,2023.01.24
"어린 시절부터 좋아했던 대전 명물 성심당 빵...
본점까지 안가고 롯데백화점에서 살 수 있어 좋아요. 대전 뿐 아니라 전국에서 살 수 있음 좋을텐데요",5,2023.01.24
"초코튀소는 딱 하나 남아있었어요ㅎ
처음 먹어봤는데 초코가 바삭하고 맛있었어용.
한개밖에 못산게 아쉬웠어요",5,2023.01.24
"넓고, 성심당의 모든 빵 브랜드가 모여있어서 편리합니다. 케이크, 빵 모두 구매할 수 있어요. 주차도 가능합니다.",5,2022.01.24
"롯데점만의 시그니처 메뉴들을 먹으러 방문했는데, 먹고싶던 샌드위치 메뉴들은 대부분 12시 이후에 나오더라구요ㅠㅠ 아쉬운대로 나와있는 메뉴들 위주로 먹긴 했는데, 확실히 본점만의 그 맛은 나지 않아서 조금 아쉬웠어요..
그치만 넓은 좌석과 다양한 제품들을 한번에 구매할 수 있어 좋았네요!",3,2024.01.24
"성심당하면 튀김소보루! 6개9900원 이벤트하더라고요 빵집은 8시부터인데 커피는 9시부터라 소보루와 조각케익,우유를 먹었는데 커피없이 먹는게 많이 아쉽네요.. 튀김소보루는 그냥 튀김팥빵 이예요 ㅋㅋㅋ
분위기도 좋고 좋았어요",5,2023.01.24
"DCC점 빵이 너무 없어서 왔는데
보문산메아리도사고 빵도 더 예쁘네요.
계산줄에 케익이 있어서 조마조마했어요
미니귤시루 사야하는데
줄 안서고 케익만 가져가는 사람 있을까봐ㅎㅎ
무튼 DCC점보다 좋아요",5,2024.10.26
은행동 본점과 크기가 비슷합니다. 빵 종류도 많고 깔끔합니다. 선물용 코너도 잘되어있습니다. 대전을 대표하는 빵집 답습니다.,5,2021.01.24
"롯데백화점 안에 성심당 빵집 있어서 주차편하고 커피마실수도 있고
지하엔 성심당에서 하는 점심먹을수있는 레스토랑도있다 좋은가격에  맛난 빵~",4,2023.01.24
맛있고 전체적으로 다 좋은데 사람이 너무 많습니다. 빵이 나오는 시간에 맞추어 들어오는 인파 때문에 그 빵을 살 엄두도 못 낸적도 있네요. ㅜㅜ,5,2024.10.26
"22년 6월 13일 재방문
오늘 롯백은 휴무

성심당 말해 뭐해ㅎㅎㅎ

튀소, 초튀소, 부추 이미 아는 맛

주차가능
성심당 모든 빵과 케익, 선물용 주문제작 모두 가능
건강 호밀빵도 저렴한 가격에 구입가능

카페도 함께 있어서 카페에서 빵시식 가능",5,2023.01.24
빵의 나라에 온것같았음. 없는 빵종류가 없고 하나하나 다 예쁘고 맛있어 보임.,5,2022.01.24
"여기 롯데백화점 성심당도 있는 줄 몰랐어요
케잌부띠끄는 한곳만있는줄알았는데 여기서는 빵도살수있고 디저트, 케이크 다 살 수있네요 대박 원하는 청포도올라간케이크는 없었지만 그래도 많이 겟 했네요 ㅋㅋ 사진은 많이안찍었어요 s저거 티라미슈살라했는데 한바퀴도니 3개 다 없어짐 ㅠㅠ순식간임돠..",5,2021.01.24
넓고 깨끗하고 좋네요 ㅎㅎ 사람 엄청 많은데도 딱히 혼잡하거나 불편하다고 느껴지지 않을 정도로 동선 정리가 잘 돼있어요 직원들도 굉장히 친절하세요~ 빵이야 당연히 명성대로 맛있고요 ㅎㅎ 우유도 맛있네요,5,2024.01.24
"여기도  위생은  0점이네요  빵을 깐막이나 가림막이 없이  사람들이 많이  지나다니는 공간에  전시하고 공중에   먼지 ...등들이  빵에 직점 오염을 줄 수  있다 생각  위생 점수가 0점
마스크 미착용시절이면   더러워 먹지 못하는  빵이 아닐지?",2,2021.01.24
사람이 너어어어어어어어무 많긴 하지만 본점이나 dcc점에 비하면 공간이 넓은 편입니다. 특히 롯백점에만 있는 메뉴들이 있어요. 개인적으로 야끼소바샌드위치는 별로였고 와쌉크랩샌드위치는 맛있었습니다,5,2023.01.24
"북적북적~~ 언제나 성심당은 사람이 많죠~~
점심식사시간쯤 들렸는데...  줄은 길었지만.. 쑥쑥~ 금새빠지더라구요~~~!!!
롯백앞쪽..병문안으로 들려 빵 바리바리~~ 싸들고 갔답니다~~!!!
성심당빵은..언제나 실망시키지않아요~^^",5,2024.02.29
"가격도 저렴하고, 맛도 좋고 대전에 올때마다 항상 오는곳.
특히 롯데백화점에 입점한 가게에서만 파는 야끼소바빵이 워낙 맛있어서 여기만 자주오게됨.
아쉬운건 내가 좋아하는 야끼소바빵이나 소금빵이 요즘 워낙 인기가 많아서 오픈런하지 않으면 먹지 못하는게 많이 아쉬움.😥…",5,2024.01.24
"대전에서 빵집은 여기가 쵝오!!^^
종류도 많고 순환이 빨라 재료가 신선해요~
튀김소보로는 단연 으뜸^^!",5,2023.01.24
사람은 많지만 롯백에만 있는 빵들도 있어서 갈 때마다 즐겁습니다! 옆에 카페에서 빵 먹기도 좋습니다.,5,2024.01.24
"백화점이라 주차 편하고, 찾기 편해요. 1층에 있어요. 다만, 사람이 너무 많아서 인기 빵은 따로따로 줄서서 나오는 시간 기다려야 하구요. 계산줄도 따로 서야 해요.",4,2024.01.24
"오늘처럼 더운날!!맘고시루때문에 줄을섰지만
본점이아닌 백화점의 장점은 실내이노 에어컨이 있다는점이다.
2시간 정도 기다림은 있었지만,원하는 망고시루를 가지고 집으로 무사히 돌아왔다.^^",5,2024.07.28
평일에 왔더니 드디어 명란 바게뜨를 구매해볼 수 있었어요 잠봉뵈르도 맛있음 (햄이 짜지 않고 버터가 고소함),5,2024.01.24
그냥 백화점 안에 있는 베이커리 느낌이 아니고 빵타운입니다. 여행오신 분들도 꼭 한번 와볼만한 곳이네요. 근데 성심당 빵은 발효빵 바게트류는 영 별로네요. 하지만 튀긴 빵류는 최고입니다. 고로케는 놀랄만큼 쫄깃하고 맛있네요.,4,2021.01.24
"빵 별로 안좋아하는편인데 성심당오면 빵귀신이돼버림.. 종류, 맛, 가격, 위생 뭐 하나 빠지지않고 최고에요",5,2024.01.24
성심당 본점 갔다가 야끼소바 빵 사러 왔어요 명란바게트도 많고 시그니처 메뉴도 있어서 좋았어요,5,2024.10.26
"대전역 근처 성심당은 너무 복잡해서 여기로 왔습니다.
딸기빙수를 먹었는데 맛있었습니다.
그리고, 여기서 튀소랑 몇개 사들고 갔는데 다 맛있고 저령합니다.",4,2024.07.28
돈까스 완전 두껍네요. 얇은 돈까스가 아니고 두툼한 돈까스 입니다. 맛있습니다.,5,2022.01.24
당연하지만 사람이 많아요. 꼭 사고 싶은 빵이 있으면 오픈런 추천 ㅜㅜ,4,2024.11.25
"제가 공항장애가 있어 어려움을격었는대 직원분과 팀장님의 대처로 빨리 가라 앉습니다
감사를 어떻게해야표해야할까요?",5,2025.01.17
"넓고 좋아요
본점에 줄 너무 길면 여기로 오세요
케익도 있어요~",5,2024.01.24
가성비가 좋아요 어렸을때는 잘 알지 못했던 성심당의 맛을 나이가 들어갈수록 느끼고 있는 중입니다,5,2024.11.25
"조아요
빵 조아요
친절하요",5,2024.12.25
사람 짱 많지만 기다릴만함. 요즘 다른 평범한 베이커리만 가도 빵 몇개 담으면 몇만원하는데 그런 점에서 볼때 성심당은 가격적 측면에서 맛도 있고 매우 갠춘함~~,4,2023.01.24
"백화점 내부에 있어서 항상 사람들로 붐비나 은행동에 위치한 본점에 비할 정도는 아닙니다.
오고가고 할 때마다 빵냄새에 빠져살곤 하지만 유지어터는 숨죽여 웁니다. 오늘도 가족이 피자 한 판을 먹었습니다.

튀김소보로, 고구마 등은 찾는 사람이 많아지자
성심당 옆 쪽에 튀김소보로만 취급하는 매장이 따로 있기 때문에 목적이 튀김소보로여도 방문하셔도 좋을 것 같습니다.

담백한 피자맛은 성심당 피자가 제일 낫다고 생각합니다. 자극적인 피자는 많이 드셔보셨을테니
피자를 좋아하시고 색다른걸 원하신다면 추천드립니다.

피자를 먹고 난 후의 느끼함이나 텁텁함 등이 적어 추천드립니다. 아무쪼록 대전의 자랑 성심당에서 실망만 느끼고 가지는 마시길 기원합니당. 하핫",5,2020.01.24
사람이 정말 많지만 빵도 식사빵도 다양하게 있는게 좋아요,4,2024.01.24
"대전=성심당
본점보다 주차 및 지리적으로 편리해서 추천 합니다",5,2024.10.26
연중 항시 손님으로 붐비지만 방문하면 맛있는 빵 냄새와 빵 고르는 재미로 즐거워지는 곳 ^^,5,2024.09.26
"성심당 분점 중 가장 편리한 곳 | 백화점 내 주차 | 실내 대기줄 | 1층 베이커리 | 지하1층 시루, 브런치
타 백화점에서 입점 요청이 와도 롯데백화점과의 의리를 지킨 소신기업.",5,2024.09.26
역시 맛있네요. 가격도 착한편.,5,2024.01.24
다양한 종류의 빵을 먹을수 있어서 정말 좋습니다.,5,2024.12.25
"대전 롯데백화점 1층에 있어요
코로나 2.5단계시점에도 사람들로 북적입니다
여러종류의 빵이 있어서 뭘 고를지 모르겠는데
여직원께서 친절히 안내해주셨습니다
튀김고르게
보문산메아리
명란바께뜨 등등
맛있게 잘 먹었습니다",5,2021.01.24
"주차도 편하고,아침 일찍부터 빵을 살수있어서 좋아요^^",5,2024.01.24
"아주 최애 빵집이에요👍
가격도 너무 착하고 빵 종류도 많고
대전 올때마다 빵 쇼핑하고 갑니다
성심당 최고에요👍👏😍…",5,2023.01.24
백화점 1층에 위치 합니다 엄청나게 붐빕니다 물건 고르고 계산까지도 시간이 꽤걸립니다 주치는 백화점 주차장 이용 하시면 됩니다,4,2024.08.27
성심당의 진짜 맛있는 빵은 보문산 메아리에요,5,2022.01.24
계산 줄이 긴거 같은데 금방 줄어드네요ㅎ,5,2025.01.03
"지하 1층엔 성심당, 1층엔 성심당 케익부티크가 있어서 매우 편리합니다.
백화점에서 쇼핑을 하면서 성심당도 들릴 수 있어 정말 좋아요~~",5,2020.01.24
"사람에 치여 빵 못삼..ㅠ
줄서고부터 계산하는데20분 걸림..
ㅠㅠㅠ
롯백 딸기시루는 지하1층
예약 끝 딸기시루안녕",3,2024.03.30
사람이 생각보다도 더 많다는 것만 빼면 아주좋죠. 그거때문에 별 하나뺏다만 사실 거의 트집일뿐일수도. 재료좋은거 썼다는건 먹어보면 바로 알수있고 그거생각하면 요즘 물가에 진짜 싼거다라고 인정할수밖에없음.,5,2024.03.30
역시 성심당 백화점이랑 붙어있어 쇼핑도하고 좋았네요,5,2023.01.24
"동생 집에 1박 온 김에 아침 산책 겸 지나는 길.
아직 백화점 오픈 전...주위는 조용하지만...가게 내부에 들어가는 순간..이렇게 사람이 많은 줄 몰랐네요. 완전 딴 세상. ㅡ.ㅡ
왜 대전엔 성심당이 유명한지 바로 공감이 되네요.
다양한 빵들이 너무 많더라고요.
다음에 오면 못 사본 빵 사먹어 봐야 겠습니다.",5,2024.04.29
"맛있는 빵이 한가득한곳~~❤
늦게가면 맛있는 빵은 다 빠지고 없습니다ㅋ
늘 맛있고 보기 이쁜 빵들이 가득합니다.
대전의 명물이죠 ㅋ 대전에서는 안가보신 분들 없을듯. .
혹 안드셔보셨으면 꼭드셔보세요",5,2024.05.29
보통 얼음빙수가 아닌 미숫가루 맛이 나는 얼음이에요  팥도 많이 달지 않고 떡도 쫀득하고 참 맛있어요,4,2021.01.24
본점보다 오히려 편합니다. 케이크 파는 곳까지 다같이 있어서 아주 만족합니다,5,2024.02.29
본점보다 동선이 더 좋고 주차장도 더편리해서 좋았습니다. DCC점보다도 더 빵 종류가 다양하고 디스플레이까지 완벽했어요,5,2021.01.24
"밤인데도 따듯해야 하는 빵들은 따뜻합니다
대신 인기있는 빵들은 거의 없어요ㅠㅜ",5,2023.01.24
"제 값 받는다는 느낌을 받는 곳.
사람이 너무너무너무너무 많았음.",4,2024.01.24
"빵집 고트
특이한 실험정신이 가득한 빵이 특히 맛있음",5,2025.01.03
"정말 존재만으로 항상 고마운 곳이네요
조각케잌으로 생일케잌 포장해서 더욱 좋네요",5,2024.07.28
"성심당은 대전의 문화이다. 라는 말을 체감할 수 있었습니다.

사람이 일하고, 먹고, 즐기고,  사람들이 함께하면서 생기는 삶의 양태들이 모여있는 곳입니다.

줄서고 고르고 빵사느라 사진은 못 찍었습니다만, 그냥 왠만한 빵 다 맛있어서... 딱 집기는 어렵네요.

그래도 추천하자면, 잠봉샌드위치(피클 치즈 포함버전)와 소금크로와상 강력 추천합니다. 다음에 오면 이건 무조건 또 먹을 것 같네요.

2일동안 대전역점, 롯백점 방문했고, 빵 종류가 지점마다 조금씩 다르더라구요.

예를들어, 잠봉은 대전역점엔 없었고, 대전역점엔 롯백점에 없던게 있고..

줄은 엄청긴데, 순환이 빨라서 그냥 서서 기다릴만합니다. 직원분들이 고생이 많으실 것 같네요.",5,2024.01.24
망고케잌 사려했는데 구경도 못했네요 그래도 다른빵이  맛나서 괜찮네요,5,2024.01.24
"본점과 비교해도 뒤지지않을 정도로 규모가 크고 빵 종류가 다양해요!
시간이 없거나 동선이 안맞는다면 본점 대신 방문해도 무방합니다

주말에는 매장식사하기 어려울 정도로 사람이 많아요",5,2024.01.24
사람이 너무많고 계산줄이 길어요,3,2024.07.28
사람이 너무많아 계산도 기다려야하지만 나름 맛도 있고 가격도 저렴하고 좋았음.,4,2023.01.24
케잌은 지하에서 줄 없이 살 수 있었고 빵집은 사람이 가득했음,5,2024.10.26
"역시나 다녀오기를 참 잘했네요
롯데백화점  쇼핑을 하고 들렸다가
북새통을  함께겪었답니다.
맛나니까..가격대비로..대전에도..전국에도 소문난  성심당",5,2024.03.30
백화점 아니죠 시장통이죠 빵도 별로없고 튀김소보로빵줄을 전시빵쪽으로새워서 빵사기도 힘들고 했네요,3,2024.08.27
"빵의 도시. 크리스마스 분위기 잔뜩. 행복한 장소, 맛있는 빵.",5,2021.01.24
"주차장도 본점보다 훨훨넓고 공간도 좀더 넓어 빵 고르기도 계산하기도 보다 편하다
갈때마다 보문산메아리, 월넛브레드,순수롤은 꼭 사오고 절대 튀소는 사지 않는다. 9명 대가족 모두 튀소는 느끼하기만 하다는 평가.
절대 선물용으로 사지 않길바람...
그외에 야끼소바빵이나 샌드위치류, 명란바게트 추천.",5,2024.01.24
"딸기시루 ㅋ
딸기먹고 싶으면 딸기 비싼거 좋은거 사먹자

딸기시루 바꿔야하는점
초코케익 딸기랑 완전 안어울림
오리지널 케익빵으로 바꾸고 생크림으로 바꿔야됨
초코 이거는 너무 실빼작인듯

나머지 빵들은 동네빵집 보다 맛있다.

난여기 가끔가는데 샌드위치만 먹는다.",3,2024.03.30
"맛있는 빵인건 알겠는데 처음가면 혼돈 그자체.가게만의 시스템이 있으신거 같은데 그걸 모르거나, 몰라서 물어보면 굉장히 무안을 줍니다. 교육받고 사먹어야할듯..샌드위치류와 기본빵들은 맛있었어요. 재방문여부는 사람이 없다면 아마도..?",4,2024.01.24
사람많은거 빼곤 가성비 굳 주차도 괜찮,5,2024.11.25
빵이 다양 하고 맛 납니다.,4,2024.01.24
"빵은 맛있지만 주차가 너무 야박함.
만원어치 구매에 1시간. 3만원을 사야만 2시간.
(만오천원어치. 2만원어치를 사도 걍 1시간.)
솔직히 빵순이 아닌 이상 빵으로 3만원 채우기는 너무 무리임.
백화점에 차도 많아서 주차하는데도 시간이 오래 걸리는데 거기다 빵구매 대기줄도 길어서, 갓 나온 빵 좀 바로 먹고 나오려면 꼴랑 1시간 주차시간때문에 진짜 빵을 입안에 구겨넣고 헐레벌떡 나와야함.
너무 별로임. 주차때문에 자주 갈 것도 한번 가고 말게 됨. 앞으로는 다른 매장을 애용할 예정임.
(주차료 비싼 백화점에서 나와서 다른데 매장 여는 게 더 대박날듯.)",3,2024.01.24
빵지순례 하세요~~~,5,2024.09.26
"많은 인원을 위한 효율적인 결제법을 찾아야할듯...
빵 사려는 사람과 줄서있는 사람이 다 매장내부에 있으니 엉망임.
빵은 금방사고 결제하는데 줄서서 40분을 기다림;;;;;
인원을 늘리든지 줄 설 공간을 확보하든지 대기표를 이용하든지ㅠ 손님의 시간을 존중해줄 방법이 나오길.

빵은 역시 성심당. 리뷰할필요도없이 넘 맛있고 품질도 굿굿 가격도 굿굿",3,2024.01.24
"맛있음 바쁘지만 친절하려고 노력하심
꾸준히 신메뉴 나와서 좋음
주차 굿",5,2024.06.28
"사람이 매우 많습니다.
그랴서 사실 분위기는 평가하기가 그렇내요.
다만 성심당이야 빵맛이나 가격이 워낙 유명해서 더이상 평가가 의미 있을까요??? 대전 가면 무조건 방문 입니다.
은행동의 본점보다 빵구입이 조금더 편해요.
대기가 적습니다. 상대적으로",5,2024.01.24
은행동 가는것보단 여기추천.,5,2024.01.24
롯데백화점 시그니처 빵이 있어요,3,2024.08.27
여기서만 파는 빵인 야끼소바빵이 인기이다. 11:00에 첫 빵이 나오고 웨이팅해도 빵을 구하지 못할 수도 있다. 백화점 1층에 위치해서 접근성이 좋다. 비건과 당류 표기가 친절하게 되어있기도 하다. 직영이라 친절한 직원의 응대가 장점이기도 하다.,5,2024.01.24
가성비가 참... 와.... 빵순이 빵돌이들 모두 모이십쇼 크으..,5,2024.10.26
"너무 많은 사람들이 오고갑니다.
정리정돈 잘되어 있고 체계가 잡혀있습니다.
탁자를 손님이 닦는 경우도 많습니다.
성심당을 아끼는마음으론 하지만
혹시 인원이 부족하시면 더 채용하셨으면~",4,2024.01.24
성심당 빵 종류도 많고 가격도 저렴해서 좋습니다.,5,2024.01.24
맛있는 빵도 많고 계산도 빨리 했습니다ㅎㅎ,5,2024.08.27
"유명한건 알겠는데, 나한테 안맞는것도 알겠음ㅇㅇ 담에는 튀소,부추빵 말고 딴거 먹어야지",4,2023.01.24
호텔뷔페에서 브런치메뉴를 접시에 담는 느낌,4,2024.01.24
"빵이 많고 맛있어요. 특정 메뉴는 나오는 시간이 있어요. 사람이 무척 많아요.
튀김소보로와 부추빵 등 맛있어요.
계산줄이 길어요.",5,2024.01.24
성심당 입니다. 근래에 줄서기 어려워서 대전사람은 많이 안가지 싶네요. 그나마 여기가 줄을 덜 서더라구요.,5,2024.03.30
언제나 좋습니다. 가격 맛 가성비 항상 만족합니다. 다만 순수우유롤 메뉴같은건 본점에서 직접 사다먹는게 아무래도 더 나을것 같네요.,5,2024.01.24
"아~~줄이 너무너무너무 길어서
살수가 없지만 빵이 맛있고 가격도 좋아요",3,2024.05.29
"성심당은 역시..ㅎㅎ
대전의 자랑이죠",5,2022.01.24
"빵은 역시  성심당.
그런데... 주말 오전인데도 사람들이 넘 많아요...
느긋하게 빵구경은 힘듬. ㅠㅠ",5,2024.02.29
우리나라 최고의 빵집,5,2024.01.24
"롯데 대전점 성심당은
대전 시내 접근성이 좋아요.",5,2024.07.28
"대한민국에서 가장 유명한 빵집.
역시 손님도 많고, 빵도 다양하게 있음.",5,2024.04.29
굿!! 본점 가기에는 멀고 롯백으로~~!,5,2022.01.24
서비스 좋아요. 단골 해보려고요.,5,2021.01.24
"역시 너무 유명한 맛빵집이라 그런지
사람 너무 많고...
빵 나오는 대기시간이 너무 길어요.ㅠ
부추빵  나오자 마자 쌱 쓸어가고 다음 빵 나오는 대기 1시간반... ㅠ  먹기 어려윤 빵입니다",4,2022.01.24
개인적으로 보문산메아리하고  야끼소바빵? 을 추천합니다. 야끼소바빵은 본점에는 없고 저는 맛났습니다  보문산메아리는  제 주위에선 호불호 없고  아이들도 좋아합니다,5,2024.01.24
사람도 많고 줄도 길었지만 매장 운영이 원활해서 불편함이 없었습니다.  유달리 맛있는 빵들이 이해가 가던 조리시설들이었고요.,5,2023.01.24
빵은 종류도 많고 손님도 많아요. 튀김소보로는 맛있는데 부추빵은 소문보다는 그다지 맛있다고 느끼지 못하겠습니다. 호불호가 갈릴 듯...손님이 많아서 그런지 직원들 써비스는 별로예요. 빵을 고르려는 고객에는 관심없고 포장하는라 정신들이 없네요. 조각케익도 하나 사려다 10분 기다리다 그냥 왔어요.,3,2021.01.24
"케이크 먹으러 간건데 확실히 케이크 종류는 부티끄보다 조금 적은 듯
성심당 종류별로 다 들어와있어서 한번에 다 고르기는 좋지만 그만큼 조금 번잡하고 종류가 적어보이는...
그래도 왠만한거는 본점 안가도 다 파니까 편하다",4,2023.01.24
주차도 편리하고 본점보다는 덜 붐벼서 좋아요.,5,2024.04.29
빵이 아주 많음. 본점과 달리 여기서만 파는 특별한 빵도 있음. 예전에는 밀키트도 팔았는데 현재 없음. 밀키트 구매를 원하면 최소 2일 전에 웹사이트에서 구매해야 함.,5,2023.01.24
수북한 빵. 빵보다 더많은것같은 사람들ㅋ4,5,2024.10.26
규모가 작은 것이 아쉽지만 서구에서 성심당을 갈 수 있다는 점이 좋습니다.,4,2020.01.24
주말에 갔는데 줄이 너무 길고 그렇게 줄서서 사올만큼 재료는 모르겠지만 맛있다고 느껴지진 않았어요. 종류는 엄청 많아  보기에는 화려하지만 딱히 실속있지는 않다고 생각합니다,3,2022.01.24
매장이 넓고 다양한 베이커리 종류가 많으나 점심시간대에는 계산 시 오래 기다려야 하는 불편함이 있습니다.,4,2024.01.24
성심당 빵 생각날 땐.... 그나마 대기적은 롯데로^^,4,2024.07.28
일요일 낮에 왔는데 사람 정말 많네요. 튀김소보로 1~2개 먹으면 맛있고 더 이상은 조금 질리네요,3,2023.01.24
성심당 본점 못지않게 빵종류와 케잌 사람이 많음,4,2024.05.29
대전을 넘어 대한민국 제과제빵의 자랑입니다,5,2022.01.24
빵종류가 너무 많고  맛있고 대단합니다,5,2023.01.24
"다채로운 빵종류 진열대로 연결해서 판매합니다
식성에 따라 빵을 잘라주면 편리할 듯 해요
단면도로 잘라 보여주면 선택하기 좋겠습니다",4,2022.01.24
가격은비싸지만괜찮아요,5,2020.01.24
"달콤한 튀김소보로
만두같은 부추빵
가성비 훌륭한 명란바게트
모두 좋았습니다
샌드위치 다음엔 도전해보려구요",5,2022.01.24
빵은 다있고 깔끔 친절,4,2021.01.24
와너무맛있네요^^유명한이유가있었네여^^아이도너무좋아하는데~~쪼금짜데요~~갠적인의견이니~~참고하시어~~가보세용~~^^,5,2023.01.24
선택할 수 있는 다양한 빵집과 페이스트리. 빵 몇 개를 샀는데 정말 맛있어요. 하루종일 현지인들로 매우 붐빕니다. 지불을 위해 긴 대기열을 가지려면 물건이 좋아야 한다고 말할 수 있습니다.,4,2024.12.25
놀라운 크레페와 과일 케이크 !! 이번 여행 계획에 그 케이크를 먹는 것도 포함됐다고 말하고 싶어요.,5,2024.11.25
"성심당은 전국 최고의 빵집이에요! 최근에 오픈했는데 역시 최고네요. 제가 그 근처에 사는데 칼로리 걱정을 해야 해서 매일 거기는 안 가거든요😅
많은 분들이 성심당은 대전에 와볼 만하다고 말씀하십니다. 시내에서 꼭 가봐야 할 곳은 여기뿐이라는 농담도 있어요🤣 네, 그만큼 좋아요.…",5,2022.01.24
"빵이나 기타 관련 제품에 대한 욕구를 충족시키기 위해 방문하는 것으로 잘 알려진 장소입니다. 많은 사람들이 앞으로 밀고 들어가거나, 아무도 생각하지 않고 갑자기 빵을 얻으려고 애쓰는 등 엄청나게 분주합니다. 다른 사람들의 작은 한마디만으로도 방문할 가치가 있지만 덜 바쁜 시간에 가도록 노력하십시오.",4,2024.09.26
"다양한 케이크, 과자, 빵이 있는 멋진 장소입니다. 모든 것이 엄청나게 맛있어 보입니다.",5,2022.01.24
"케이크가 있는 커피와 페이스트리 가게예요🥧. 성심당은 대전에서 빵집으로 평판이 매우 좋습니다. 그녀는 이 과자 가게, 카페를 시작했습니다. 그녀는 마들렌과 롤케이크를 추천합니다. 케이크는 일본인이 손질한 유럽 케이크와 비슷합니다. 넓은 지역에 위치한 롯데백화점입니다. 그들의 케이크는 꽤 맛있습니다.…",4,2020.01.24
대전 최고의 빵집입니다. 이 특정 위치는 매우 아늑하며 크리스마스 장식으로 인해 더욱 집처럼 편안해집니다.,4,2021.01.24
"대전 최고의 빵집!!! 케이크는 굉장합니다!
그리고 제가 먹어본 빵과 페이스트리는 다 너무 맛있어요.",5,2024.05.29
맛있고 많이 샀습니다. 크림 치즈의 빵 맛있었습니다.,5,2024.08.27
"댕!!! 빵 종류가 너무 많아서... 찾으시는 건 다 있어요!
식사할 곳이 아늑해요!!",5,2022.01.24
좋은,5,2024.12.25
"한국 NO1의 빵집 롯데백화점내 가게
점내 깨끗하고 넓은 곳에서, 이트인도 할 수 있으므로 좋다",5,2022.01.24
나는 다시 거기에 갈 것이다. 방금 좋은 섹션을 방문했습니다. 채식주의자를 위한 옵션이 충분하지 않습니다.,4,2023.01.24
성심당은 정말 좋은 곳이에요,5,2024.07.28
대전에 가신다면 꼭 들러보세요 :),5,2024.01.24
대한민국에서 가장 유명한 빵집,5,2022.01.24
한국 최고의 페이스트리,5,2021.01.24
여기가 천국,5,2024.01.24
케이크에 좋습니다.,5,2023.01.24
멋진,5,2023.01.24
최고의 베이커리,5,2022.01.24
소소,4,2021.01.24
"본점 방문은 12년 만인것 같다.
그때만해도 전국구로 이정도로 유명하진 않았는데
미친듯이 유명해져서 그런가 사람이 너무많다.
빵은 뭐 맛있다. 하지만 막 특별한 맛까지는 아니고 좋은재료로 잘만들어둔 맛있는 빵의 맛인데 이집의 특별한 점은 가격이다. 이것저것 마구 사다보니 돈이 많이 나올까봐 걱정했는데 예상보다 20퍼 이상 저렴하다. 이 퀄리티에 이 가성비면 가지않아야할 이유 가없다.",5,2024.12.25
"대전의 명물 성심당 본점에 다녀왔어요. 5개의 매장으로 파리바게트 매출액을 능가한다는걸 월요일 아침부터 긴 줄을 보며 납득을 했어요.
줄이 엄청 길지만 생각보다 빨리 줄어요.
다양한 종류의 맛있는 빵들과 나름 착한 가격이 상심당을 유명하게 하는것 같아요.
튀소는 바삭하고 맛있어요.",5,2025.01.20
"딸기시루를 먹고 싶다하여 장장2시간 넘게 운전하여 방문!
거족중2명은 맛있다고 하는데... 줄서서 이걸 먹어야 할 정도는 아닌듯하다는 나의 판단! 첫째 초코제누와즈는 퍼석해서 부서지고 딸기는 뭉터기로 많이 올려줬지만 크림을 대충 발라서 얹져진 그런 케익!  촉촉한  빵 그리고 크림의 조화가 없는 차라리 딸기는 4판 사서드시는걸 추천해유!

단 과일 롤케익응 겁나 맛나유",4,2025.01.17
"저렴한 가격에 굉장히 맛있는 빵들!!
무엇을 골라도 기대 이상이고, 정말 많이 골라도 가격이 부담스럽지도 않다

메뉴 추천은 정말 어려운데 그 이유는 각기 다른 매력의 빵들이 정말 다양하게 있고 어차피 가격도 저렴한데 그냥 골고루 다 먹어보길 추천한다

대한민국 제과명장의 빵집을 본점으로 다 찾아서 가본 내가 할 말은 아닐지 모르지만 나는 빵보단 밥이 좋기에 주먹밥이 있으면 항상 고르긴한다

꽤나 트렌디한 류의 빵도 있고, 건강빵 종류도 있고 아예 근처가게에선 케이크를 비롯해 빙수 등을 넘어 우동, 파스타까지 진짜 엄청나다
물론 그곳들도 가격이 착하다

개인적으로는 전국에서 끝내주는 빵집 5군데를 고르자면 반드시 들어갈 곳.",5,2024.09.26
"2024.6.5~6 방문.
옥천, 대전 여행에서 가장 중요한 일정이자, 그 유명한 성심당 방문기. 이틀에 걸쳐 가봤으며 5일은 평일 저녁에, 다음날인 6일은 현충일이었는데 아침에 다시 가봤다.

성심당이 유명하다는 것은 원래도 알았지만 그냥 지방 광역시나 중소도시에 있는 터줏대감 같은 빵집 정도로만 생각하고 있었다. 그런데 이 시기에는 그것을 뛰어넘어 전국적으로 유명해졌기에 도대체 어떤 빵을 어떤 가격에 팔길래 그렇게 점점 더 핫해지는지 궁금했던 게 첫 번째 이유였고, 그 다음은 이때 큰 화제였던 망고시루가 대체 어떤 케이크이길래 그 난리를 치는지 궁금했던 게 두 번째 이유였다.

첫 날은 오후 8시 무렵에 갔기 때문에 큰 기대는 하지 않고 갔는데 실제로도 남은 빵이 별로 없어 대강 몇 개만 사서 먹어봤다. 그 다음 날은 망고시루를 사기 위해 아침 일찍 오픈런을 했으며 이것 때문에 숙소도 멀지 않은 곳에 잡았다.

결론부터 말하자면 성심당의 빵은 종류가 다양하면서도 모두 기대이상으로 맛있었고, 그럼에도 가격이 생각보다 훨씬 더 저렴했다는 것이다. 맛있는데 싸니까 그 엄청난 인기가 바로 납득이 됐다. 광역시급의 대도시에 이런 퀄리티와 가격을 유지하는 로컬 빵집이 있는 것은 대전의 축복이라고 생각했다.

주차는 성심당 근처 여기저기에 있는 주차장에 할 수 있는 것으로 아는데, 가까운 숙소에 주차하고 걸어갔기 때문에 정보나 디테일은 모르겠다.",5,2024.10.26
대전의 문화라 할 만큼 대전 빵의 대명사다. 주변에는 온통 성심당 빵 종이 백을 든 분들이다. 눈이 쏟아지는 추운 날인데도 줄이 길게 늘어서 있었다. 내부는 발디딜 틈이 없을 정도였고 내부 사진은 찍을 수가 없었다.,5,2025.01.17
"1956년, 대전역 앞 작은 찐빵집에서 시작된 성심당은대전시민의 자부심과 사랑으로 성장하여 대전을 대표하는 향토기업이 되었습니다.
우리는 가톨릭 정신을 바탕으로 지역 사회에 봉사하는 가치 있는 기업이 되며,'맛있는 빵, 경이로운 빵, 생명의 빵' 을 통해 '사랑의 문화' 를 이루어 가겠습니다. 성심당 인스타 발췌함
정말 많은 사람이 찾는 곳 대기 줄이 끝이 보이지 않았어요ᆢ
한 30분 이상 기다렸어요ᆢ줄 선 인원 대비 빨리 입장할 수 있었어요 ᆢ직원분들이 통제 잘 해주셔서ᆢ질서있게 입장했는데ᆢ막상 매장 들어가니 일정한 동선이 없어 엄청 복잡했어요ᆢ그래도 먹고 싶은 빵 찾아서 골랐어요ᆢ 빵은 맛있고 직원분들 너무 친절해서 좋았어요ᆢ매장 안 사진은 너무 많은 사람들 때문에 사진 촬영이 불편했습니다!",5,2024.09.26
"성심당 유명한 빵집입니다.
최근 파리바게트랑 성심당의 같은금액으로 살 수 있는 양이라며 포스팅 기사를 본적이 있습니다.
시큰둥 하였는데 방문해보고 처음 인파에 놀라고, 빵들의 종류와 가격에 놀랍니다. 사진의 빵들이 다 작아보이나, 실제로는 일반 빵집 두배 정도 되는 크기입니다. 맛도 좋습니다.
방문객들이 많아서 무척이나 혼잡해보이나 회전이 빨라서 그리 오래 걸리지 않습니다.
인기 제품들이 있으나, 관계없이 다 맛있습니다.

성심당에서 사온 빵들 먹고나면, 우리가 흔히 아는 빵집들의 빵이 생각나질 않는 신기한 경험을 하게됩니다.

주차는 성심당 우리들공원 주차장을 추천합니다.
5분 미만 걸으면 도착이에요!",5,2024.10.26
"시즌별 케잌시루가 별미
빵하면 전국국로 소문난곳이라 설명하자면 입아픔
한번만 가본 사람은 없는곳",5,2025.01.10
12월의 빵집은 크리스마스 느낌 물씬나고 마음이 소란하네요. 빵과 온갖 스위츠로 가득하니 행복해집니다. 어느새 빵을 한아름 담아왔어요. 결제시 주차권을 받을 수 있습니다.,5,2024.12.25
"주차장 있는지 모르고 방문해서 차로 돌면서 1명은 운전하고 한명은 내려서 빵사왔네요. 제가 주차장 사진 올렸으니 방문하실분은 저처럼 고생하지 말고 편하게 방문하세요...
사람이 정말 많아서 정신없지만, 이 가격에 이정도로 좋은 품질의 맛있는 빵을 먹을수 있다는게 정말 행복하네요
명란은 품절도 절된다는데 생선류 잘  못먹는 1인이라 명란 바게뜨는 잘 모르겠으나 (나의 일행들은 맛있다고 함)
잠봉뵈르 바게뜨랑 사과 들어간 바게뜨(이름을 기억 못하는...) 암튼 너무  맛있어서 담에 힘들어도 대전 지나가게 또  올것 같습니다. 성심당이 괜히 유명한게 아니네요. 맛있어요.♡",5,2024.10.26
"본점은 처음 방문했습니다. 역시나 살짝의 웨이팅이 있었으며 다른 두 지점보다 더 붐볐습니다. 멋진 기업이라고 생각합니다. 항상 대전을 들리면 사게 되는
그런 곳입니다.",4,2024.11.25
"화요일 늦게 거의 5시쯤 도착했는데 줄이 긴 거는 아니지만 매장 안에 사람들이 터질 듯 다니기 어려웠다. 빵을 고르고 계산하고 잘라달라 부탁하고 겨우 나와 케잌위주의 매장에서 케잌을 사고 다시 본점 ㅈ층으로 왔는데, 여기도 넘 감동.",5,2024.12.25
무엇 보다 처음 만드신 사장님의 마인드가 느껴지는 가게인거 같습니다. 각격이 너무 착합니다. 인기 있는가게라고 하면 더 비싸고 많이 팔려고 하겠지만 크리스찬 마인드로 판매합니다. 소보루 빵이 6개에 1만원 입니다. 이 가격은 상상 할 수 없는 가격 입니다. 이 곳에서만 먹을 수 있는 빵을 만드신거 존경합니다.,5,2024.10.26
"복잡한 건 어쩔 수 없음. 다만 가격, 맛 모두 만족! 직원들의 계산과 포장 능력은 기계적이지만 엄청 친절하심!",5,2025.01.10
"딸기시루 사러  갔어요
금요일 아침 아홉히 도착  기다림 없이  빠르게  구매 했습니다",5,2025.01.17
"대전하면 성심당, 성심당하면 대전이 되었다. 약 20년 전에는 시내에 있는 큰 빵집정도였다고 기억한다. 무엇인가를 한 자리에서 오래한다는 것은 여러가지로 큰 의미가 담겨있음을 새삼느낀다.",4,2024.12.25
"줄서는건 기본이지만 줄 빨리 줄어드는 편이고
빵이 없다면 좀 한바퀴돌거나 기다리면 나옵니다
바게뜨는 명란 을 제외하곤 커팅도 해주고 튀김소보로, 부추,명란바게뜨 넘나 맛있더군요",5,2024.12.25
그날 바로 다 먹을 만큼만 구입하시는걸 추천합니다. 하루만 지나도 맛이 급격하게 떨어지네요. 갓 만든 빵은 진짜 최고 소리가 나옵니다. 그러나 맛대비 기다리는 어마어마한 줄... 그리고 빵 사면 딱히 할게 없습니다. 줄이 길어도 너무 길어요... 한번은 가볼만 합니다.,4,2024.07.28
"가성비 좋은 빵집이에요.
종류도 많고 맛있습니다.
워낙 손님이 많다보니 서비스나 분위기를 느끼긴 어렵지만 가성비가 워낙 좋아서 추천하는 빵집이에요.",5,2024.10.26
"도때기시장이었지만
갔노라! 샀노라! 먹었노라!
성심당 가방들고 지하철탔더니 사람들이 마치 샤넬백보듯했습니다^^
빵지점,케익지점이 다르니 별도로 가야하는데 꼭 둘다 가세요.
특히 계절 케익 놓치지마세요.",5,2024.11.25
드디어.. 대전 성심당을 7년만에 재방문했어요  예전에 지방 다녀오는길에 들렀다가 왔다면 이번에는 KTX타고 온전히 성심당투어를 했어요..    대전역 내려 지하상가를 통해 중앙로역까지 와서 2번출구로 나가면  성심당부띠크가 먼저 보이고 골목을 턴하면 섬심당 본점이 있는 성심당 왕국이 펼쳐집니다~~  평일이라 줄은 건물을 한바퀴 감고 금방 들어갈수있었어요..  들어가서가 난리통인데..ㅜㅜ  쟁반들고 빵매대앞에서 원하는 빵을 후딱후딱 담고 (빵고르는건 줄 서지말라고 계속 안내함..) 계산대 번호가 여러개니까 그중 사람 적은곳으로가서 얼른 계산하는 요령이 있어야합니다~   그리곤 케익부티크로 가서 냉장 케익류제품들을 사고 성심당문화원으로 가면 지하~3층까지 자리에서 구매한 빵을 먹을수 있어요~  음료주문도 가능.. 빙수는 본점앞에 성심당옛맛에서 포장해와서 먹으라고하더라고요..   대전역에도 성심당빵 사려는 줄이 길더라고요.  대합실에 성심당종이백 안들고 있으면 이상할정도..  바리바리 빵케익 20만원어치 사오는 성심당투어가 맛나고 재밌었어요~  두번은 글쎄..,5,2024.08.27
"(2024.09.) 외지 손님들로 내부가 아주 붐빕니다만 가성비 최고 수준의 빵이 불편함을 상쇄합니다. 손님과 직원들과 부딪히지 않도록 조심하면서 찬찬히 다양한 상품들을 고르는 재미가 있네요. 빵 몇 개를 사서 근처 성심당문화원으로 가서 커피와 함께 식사로 맛있게 먹었습니다.
성심당이 전국구가 되기 전, 아주 예전에 몇 번 방문했었습니다만 그때는 이렇게 좁게 느껴지지 않았었습니다. 그러나 이제는 대전 최고의 관광지, 심벌이 되니 본점을 어지간히 확장한다 해도 넘치는 방문객을 넉넉하게 수용하기는 어려워 보입니다.",5,2024.09.26
"명성에 걸맞게 대기줄이 엄청나다
처음 봤을 때 믿어지지가 않았다
근데 생각보다 빨리 들어감

사람 많은 장소를 힘들어하는 사람에겐 가게 내부는 지옥이다
입장 방향을 따라 차례대로 가는게 아닌 각자 알아서 내가 원하는 빵을 집고 계산대로 가야하는 구조인데
앞 뒤 양 옆이 모두 꽉 막힌 상태로 끊임없이 움직여야 한다. 너무 힘듦

최대한 효율적으로 많은 사람들이 이용하고 만족할 수 있는 방법을 고안했겠지만..

빵 사서 앞에 성심당 문화원 가서 먹음

명란 바게트 맛있다. 명란 맛이 신선하다고 느껴졌고 간이 아주 적당함

찹쌀김치주먹밥 맛있다. 겉은 아란치니 혹은 누른 볶은밥이 연상되었고 속은 쫄깃쫄깃
이건 냉장보관 했다가 차게 먹어도 별미",3,2024.11.25
"30분정도 대기라인에 서 있다 입장
입장 후 빵매대에서 빵 고를때 손님들끼리 동선이 겹치고 정신이 조금없었으나 계산코너가 많아서
계산은 다행히 빠르게 할수 있었음
주차는 공영주차장 에 주차후 약10분정도 걸어가야 함
포장 후 집에 도착후에는 냉동실보관해두고 가끔씩 생각날때
에어프라이어 데워 먹으면 맛있어요",4,2024.10.26
"빵도 종류도 많고요~ 무엇보다 사람도 너무 많아서 빨리빨리 빵을 고르는걸 추천합니다! 더 사고 싶었는데 아쉬워서 또 갈 예정입니다^^
다른사람 말 들어보면 2~3시간? 줄 서야 한다고 하지만 전 1시간도 안기다리고 들어갔습니당ㅎㅎ 줄은 서야 하긴해요~ 빵은 맛있었습니다!!! 최고최고~~",5,2024.11.25
"빵은 너무 맛있는데 사람이 너무 많아서
대기 한참 하다가 입장했어요
막상 들어가서는 빨리 고르기만 하면
계산대는 여러개라서 금방이예요
아침 8시 조금 넘었는데도 이렇게 사람이
많을줄이야
주차는 근처 주차장들이 몇군데 있어서
말하면 1시간권을 주는데 성심당 다른 매장에서도 구매하면 2시간권으로도 바뀌줄수 있데요
한곳만 간다면 1시간도 될거 같긴해요",5,2024.08.27
"진짜 신기한건 그많은 빵이 다팔린다는거,,
내부가 너무 돗대기시장같아서 내부 구조넓히는 공사가 필요해보이네요
하다못해 계산하는곳이라도 자연스레 퇴장할때 팔수있는 구조면 지금정더의 돗대기시장같진 않을듯,,,",4,2025.01.17
"드디어 성심당 본점을 가보았어요. 일요일 저녁 6시 40분쯤에 가니 줄은 섰지만 금방 입장했고 인파의 흐름대로 이동하며 빵을 담았죠. 이것저것 담다보니 쟁반 한 가득이라 너무 많이 담았다 싶었는데 계산할 때 가격이 2만원이라 저렴해서 또 한번 놀랐어요. 대전의 착한 기업, 성심당이 더욱 번창하여 선한 영향력을 널리 퍼뜨려주세요^^",5,2024.10.26
"드디어 와봤어요 ㅜ 평일 7시반 도착해서 대기없었어요
가격대비 가성비 터집니다
빵맛 다 좋아요 키친음식들도 다 맛있어요
배가불러 더 먹지 못해아쉬습니다 ㅋㅋㅋㅋ
무화과케익으로 최고의 생일을 보낼것같아요",5,2024.09.26
"딸기시루 케이크보단 보문산 메아리와 명란바게뜨, 튀김소보로 등이 압권입니다.",5,2025.01.20
빵 가격이 저렴하다. 대기줄 길다. 빵을 사서 성심당 문화원에서 먹으면 편하다. 오래오래 저렴하게 팔았으면 좋겠다,4,2024.11.25
"사람이 엄청많은데 회전은 잘되지만 웨이팅할만큼의 맛이 높지는 않습니다
가성비는 좋으나 여길 생각하고 대전 갈만큼은 아닙니다",3,2025.01.17
"맛있는 빵이 많아요 맛은 주관적인 거니까. 먹은 것만 말씀드리면 아몬드 크라상-살짝 달콤 바삭하며 고소합니다 강추,감귤시루(따로 케잌푸띠크에서 사세요)-거한 맛은 아니지만 귤도 맛있는 거 쓰고 크림도 너무 달지 않고 맛있네요 추천, 귤컵-시루랑 비슷하나 가성비는 별로, 튀김소보루와 초코튀김소보루-식감은 좋은데 팥을 엄청 좋아하는 편이 아니고 초코는 달아서, 명란바게뜨-구운 명란을 바게뜨에 바른 맛, ??주먹밥?-이름이 뭔지 기억이 잘 안나지만 그냥 그래요, 크리미튀소. 마라고로케, 푸딩은 냉장고로 나중에 먹고 추가로 써놓을께요 그리고 매장은 들어가기전 줄은 빨리 줄고 좋은데 들어가는 순간 난장판임 계산대 줄이 어딘지 고르고 있는 분인지 구분이 안감(계산대줄을 한줄로 서는게 어니니 사람없는곳에서 계산.하세요) 빵 고른 판을 위로 들어야 할정도라 사진은 안찍음 부띠크는 한산,(사진) 결론은 독창적인 메뉴와 맛있는 빵집이지만 빵은 빵임 줄서는 건 용서되도 이걸 사러 따로 올정도는 아님",4,2024.08.27
"바로 옆 <성심당 케잌부띠끄> 보다는 대기줄이 훨씬 짧습니다. 여기도 회전율이 무지 빠르니, 생각보다 빠른 입장이 가능해요. 단지, 내부 들어가면, 자율 쇼핑이라, 매우 혼잡 합니다. (입구 좌측에, ""명란 바게뜨"" 가 중간중간 보충 되는데, 나오자마자 싹 다 집어가서, 잘 캐치 하셔야 돼요. ""튀김 소보루""는 계산대 쪽에 많이 비치되어있어, 다른 빵들 먼저 확보(?) 하시고, 마지막에 담으시길 추천해요~)

""튀김 소보루""는, 말 그대로 소보루를 튀긴 건데, 전혀 기름진 맛이 없고, 단팥으로 보이는 속도 채워져 있으니, 개인적으로 좋아해서 가끔 먹는 <파리바게트> ""단팥크림빵"" 보다 비교 하는게 실례일 정도로 맛이 완벽 합니다. 5점 만점.

""명란 바게뜨"" 외 다른 빵들도, 다 맛있습니다. 왜 대전에서만 판매하는 <성심당> 매출이, 전국 매장을 거느린 <파리바게트>와 그 외 프랜차이즈 보다 높은 지 이해가 되실 겁니다.",5,2024.10.26
직원분 모두 친절하시고 품절된빵은 즉시 채워주십니다 가격도 진짜 싸고 빵 종류도 많아서 좋아요,5,2024.12.25
"대전의 명물 성심당답게 사람이 너무 많다.
줄서서 기다려 사 먹을 정도까지는 아닌듯한데 ㅎㅎ",4,2024.10.26
"대전하면 꼭 가봐야할 곳 성심당이죠 이왕갈거 전 본점으로 갔구요 아침이지만 사람들이 어마무시합니다. 빵 가격이 너무 착해서 좋았고 종류도 다양하고 그리고 여기만의 시그니처 튀김소보로, 판타롱부추빵은 꼭 드셔보세요. 작은메아리랑 퀸아망 그리고 통소세지핫덕도 맛있었어요. 손님들이 많지만 분업이 잘되어있어서 그런지 계산까지 빠르게 이루어졌어요. 그리도 성심당 케이크부띠끄랑 성심당 문화원도 바로 있으니 구경하시면 좋을거 같아요.",5,2024.03.30
"♧2024.12~
오랜만에 방문
여전히 웨이팅길구요..
빵가격은 사악하지만 맛은 변함이 없네요",4,2024.12.27
"가격 대비 맛 좋은 빵집.
토요일 10시 30분쯤 도착해 20분 정도 기다리다 들어갔는데, 성심당 본점 들어가면 정신없이 빵만 골라 계산만 하고 나오게 된다.",4,2024.07.28
"평일저녁 8시넘었는데도 웨이팅줄이있더라구요.빵맛있습니다.
가격착합니다.제가들고온빵가격이면.보통 2배가격일텐데.엄청저렴하면서 맛있는거죠.줄서는데는이유가다있습니다.",5,2024.06.28
"다채로운 종류의 빵들고 주기적으로 갓 구워져 나오는 빵의 신선도가 인상적입니다  대기업 베이커리 브랜드보다 가성비와 퀄리티가 훨씬 뛰어나고 가격또한 착한편입니다
계산대도 많아서 일처리가 빠릅니다
차량으로 가실경우 성심당 주차장보다는 인근 공영주차장을 추천합니다",5,2024.08.27
"참 정신없는 빵집
메뉴도 정말 많다
역시 돌고돌아순정이라는 말처럼
“튀김소보로”가 제일 맛있드",5,2024.12.25
"시장에서 빵을 산다는 생각으로 가세요

입장 후 줄은 없으니 자유롭게(?) 돌아다니세요

가격대비 빵도 맛나고 양도 많아요!!

주차는 우리들공원 주차장 이용을 적극 추천합니다",5,2024.09.26
"다헁히 사람이 적어서 편하게 구입했어요
2층에 테라스치킨도 괜찮아요",5,2024.10.26
"장점

1. 가성비가 훌륭합니다.
- 타지역 유명 빵집과 비교했을때 가격이 저렴한 편에 속합니다.
- 케잌의 경우 비슷한 금액 타 케잌대비 내용물이 좀더 실합니다.

2. 빵 회전률이 좋습니다.
- 많은 사람이 빵을 사가면서 지속적으로 빵이 공급되어 오래된 빵을 먹을 확률이 상대적으로 낮습니다.[물론 사람이 붐빌경우입니다.]

3. 별도 레스토랑
- 2층에 별도의 레스토랑등을 가지고 있어 해당 매장으로 이동하여 바로 식사 및 담소 가능합니다.

4. 생각보다 적게 걸리는 대기 시간
- 많은 사람이 들어가지만 그만큼 많이 나와서 대기 시간이 생각만큼 길지는 않습니다.

5. 주문수령 가능
- 사람이 붐비고 기다리는게 힘든분들은 사전 주문하여 바로 수령해서 가실 수 있습니다.

단점

1. 맛은 아주 뛰어나지 않을 수 있습니다.[가성비...가성비...]

2. 첫 방문시 위협적
- 사람많을때 첫 방문이시라면 감못잡고 어어어~~!? 밀려가면서 원하는 빵을 놓칠 수 있습니다.
- 눈치껏 다른사람 하는 것 보고 따라하셔도 반은 성공합니다.
- 원하는 빵이 제때 리필안되는 경우도 있는데 이럴땐 기다려 보시기바랍니다.

3. 직원들 너무 바쁨
- 사람 응대하고 빵 포장, 계산, 주문, 셋팅 하느라고 직원들에게 일일이 물어보기 정말 힘듭니다.
- 직원이 모자란다기보다는 좁은 건물이 인구밀도가 너무 빽빽해서 그렇습니다.
- 짜증내지마시고 원래 그런가보다~ 하면서 주변 눈치보지말고 느긋히 구매하시기 바랍니다.
- 본인이 자신없다면 '극대문자 T'성향의 주변인을 하나 대동시키시기 바랍니다.

4. 주차 쉽지않음
- 워낙 인구 밀집지역이고 유흥가이며 오래된 지역이라서 넉넉한 주차 불가능합니다. 제휴주차장있어도 쉽지 않으니 미리 각오하고 오시기 바랍니다.",4,2024.02.29
아침에 오픈런 하러 부산서 출발했는데 오픈시간전에 도착했으나 한참 기다렸네요...빵은 먹어 봤으니 맛이나 이런거는 더이야기 할껀없고 빵집 분위기는 좋네요 사람이 너무많아 기다리는 시간이 많은게 흠이네요,4,2024.08.27
"대전 성심당 본점에 방문했습니다!🥨

*대기: 토요일 저녁6시경 방문했는데 15분정도 대기했습니다. 성심당이 있는 골목을 들어설때부터 긴 대기줄이 보이길래 오래 걸리려나 했는데 그래도 순환이 빠른편 입니다. 7시 좀 넘어서는 그전보다 대기가 좀 줄어든 모습을 보았어요

*매장: 매장에 들어갔을때 사람이 꽉차서 정신없었습니다. 첫 방문이라 어떤 빵을 사야할지 고민이 되었는데, 고민하다가 지나가면 다시 그 빵을 찾아가는길이 험난합니다 ㅋㅋ... 빵 종류가 워낙 다양해서 가기전에 종류들을 알고가는 것도 좋을 듯 해요. 빵이 빠지는 속도가 빠르지만 그만큼 직원분들이 계속 채워줍니다

*맛/가격: 결제할 때 가격보고 다 안찍은줄 알았습니다. 빵값이 저렴하더라구요! 요즘은 빵 조금만 담아도 몇만원 훌쩍인데,,, 물가+유명세에 비해 가성비 짱👍맛있어서 더욱 만족했습니다. 빵을 사는 과정은 힘들었지만 좋은 가격과 맛에 마음이 풀렸습니다. 튀소가 워낙 유명하나 다른 종류들도 많고, 맛도 좋으니 다양하게 담는거 추천드려요

*주차: 매장이 붐비는데도 계산할때 직원분이 친절하셨어요. 매장과 조금 떨어진 곳에 성심당 전용 주차장이 있고, 1만원 이상 빵을 사면 1시간 무료쿠폰을 준다고 들었습니다. 제가 방문한 날에는 대기가 길어 2시간 쿠폰을 받았어요

*워낙 유명한만큼 대기와 정신없는 붐빔을 감수해야하지만,,좋은 가격과 맛에 왜 인기가 많은지 알 것 같고, 함께먹고싶은 가족과 가까운 지인들이 생각나는 빵집이예요🥐 담에는 더욱 푸짐하게 담아와야겠습니다!",5,2024.01.24
"빵 가격이 리즈너블하고 맛도 좋다.
토요일 오후에 갔는데 헬이었다. 줄이 엄청 길지만 금방 줄어든다. 입장 후 빵 고를 때 걸어다니기도 힘들고 너무 정신이 없다.",4,2024.04.29
"빵맛이 좋습니다.뜨거운 햇살아래 기다리는 고객들을 배려해서 우산을 제공해주는것도 아주좋았습니다.매장밖에 대기줄도 이해했지만
문제는 본점 매장안에 들어가서 부터입니다.빵매대를 순서대로 돌아가며 구매하는방식이아닌.쟁반챙겨서 아무라인이나 마구잡이 담기 방식이고 매장안에 사람이 너무많아 빵을 무엇을 고를지 고민할 시간도 없습니다.계산대 대기줄과.빵매대서 서성이는 고객들과 뒤엉켜 마치 사람들에 치예 이리저리 밀려다니는 상황이됩니다.안전을 위해서라도.차례대로 빵을 구경하며 고를수있게.그리고 계산대도 따로 구역을 만들어서 분산시켜주십시요.빵맛은 정말 감동입니다.",4,2024.05.29
"주차장이 조금 떨어져 있네요
빵 먹을 수 있는 곳도 주차장에 있고요
대전의 대표 성심당 너무 유명해서 한번 가봤더니 생각보다 가격대가 높네요ㅎㄷㄷ
내가 생각하고 먹고 싶은 빵은 별로 없어서 아쉽습니다
빵으로 유명해서 대충 몇개 먹어보니 맛 없는건 아닌데 그냥 빵은 빵입니다
오히려 동네 빵집이 종류많고 맛이 있겠다는 주관적인 생각
케잌류는 확실히 재료가 푸짐하게 올려져 있긴 하네요
광고에 줄이 항상 길어서 먹겠나 했는데 월요일이라 그런지 인기가 식어서 그런지 비싸서 그런지 줄이 없음
결론 와우 맛있다는 아니여서 굳이 멀리서 갈 필요는 없겠다
먹고나서 새벽에 4번 토하고 피까지 토함ㅠㅠ
너무 속이 안 좋아서 사진 찍어놓는다는걸 생각도 못했음
빵이 잘못된건지 재수가 없었는지 모르겠음
빵 먹고 약 값이 더 들었음
3일 지나도 상태 안 좋아 죽 먹고 살빠지고 운동도 제대로 못하고 성심당에 안 좋은 기억만 생겼음
이틀동안 아무것도 못하고 컨디션 최악상태로 시간도 버렸는 셈ㅠㅠ",1,2024.12.25
가격이 아니였다면 안 갔을 듯 ~ 메뉴가 다양하나 자기 사는 지역의 빵성지가 더 맛납니다   빵 소를 아낀다는 느낌이 강함,3,2024.11.25
목요일 점심 즈음 가니 줄 안 서고 바로 입장했어요. 너무 싸고 종류도 많고 좋아요. 샌드위치류 꼭 드셔보세요.,5,2024.11.25
"말로만 듣던 대전에 위치한 유명한 빵집입니다.
방문 당시가 오전 시간이고 비가 많이 오는 시간이었음에도 불구하고 많은 분들이 빵집에 방문하신 모습을 보며 얼마나 사랑받는 곳인지 알 수 있었습니다. 빵은 제작이 완료되면 배치 전 손님들에게 알려주셔서 편하게 원하는 빵을 구매할 수 있었습니다. 바게트 등의 빵은 구매 완료 후 썰어주시고 유명한 튀김소보루는 종류도 다양하게 있어 골라먹는 재미가 있었습니다. 주차를 원하시는 분들은 우리들 공원에 주차하신 후 결재시 주차에 관해 문의하시면 주차권을 받으실 수 있습니다. 구매하신 빵은 옆 건물 성심 문화원에서 드실 수 있다고 합니다. 선물로도 훌륭한 품질을 자랑하는 빵입니다",5,2024.04.29
"성심당 본점에서 빵을 사고 맞은편 옛날손맛 가게에 갔는데 대전 부르스 떡이 있더라구요
추억의 노래도 생각나고 옛적 기차타고 다닐때 대전역에  잠깐 정차하면 내려서 급하게 먹던 우동 가락국수도 생각나고 좋은 추억여행 이었습니다",4,2024.11.25
"대전 필수코스. 드디어 왔다 갑니다.
평일 낮 시간인데도 사람이 엄청 많네요.
회전률이 좋아서 그런가 다 맛나보여요.
바로 나온 빵 하나 먹어봤는데 맛나네요.
가격도 일반 빵집가격이에요. 강추",5,2024.06.28
"대전의 심장이라고 할수있다는 성심당..
빵 맛은 대부분 좋다
기본적으로 맛있다고 할 수 있고 특별히 맛있는 빵들이 몇종류 있다
유명한 명란바게트나 밑에 양배추절임이 있는 소세지 빵이 맛있었다
여기서 빵을 사서 먹을 수 있는 공간도 준비돼있다

이후 계획이 있어 먹을만큼만 사서 맛보고 많은 양을 포장해 가지 못했는데 아쉬운 부분
다시 방문해볼 생각이 있다",5,2024.03.30
"맛은 아는 맛있는 맛인데 놀라운점은 이걸 이 가격에 파는것이네요. 초코소보루/먹물바게트/잠봉뵈르/찹쌀주먹밥/소금빵/감자빵 정도 추천드립니다.
다른데서 파는 같은 빵이라도 안에 든 내용물 비중이 다르네요.",5,2024.01.24
"진짜 빵 맛있게 생겨서 안살수 없게 만드는 분위기와
비쥬얼  가성비
👍👍👍👍
잘먹겠습니다!!
주말엔 많이 붐빔
평일 낮에 한가함",5,2024.06.28
대전에서 유명한 빵집입니다. 많은 사람들이 이곳에서 빵을 구매합니다. 맛은 다른 유명빵집들과 비슷한것 같습니다. 하지만 튀김 소보르는 정말 맛있는것 같습니다. 한번쯤 구매하여 먹으면 좋을것  같습니다. 그렇지만 주말에는 오랜시간 줄을 서서 기다려야 살수 있는곳입니다  근데 오랜 기다림의시간에 비해 가성비는 높지는 않은것 같습니다. 평일에는 그나마 줄이없어 바로 구매해서 먹을수 있답니다.그리고 주차장은 없습니다.,4,2024.01.24
"대전의 명물
부추빵과 튀김소보로가 정말 맛있었어요",5,2024.10.26
"와... 서울에서 대전까지 왕복 4시간30 이 넘게 걸려서 다녀온 성심당..! 맛은 4시간30 의 보상이였다.
진짜맛있고 10 시간이 걸린더라도 또 가고싶다.
나중엔 성심당 부띠끄에서 시루케이크를 사먹는것도 나쁘지 않을지도!",4,2024.11.25
"16ㆍ7년만에 다시 가보게된 성심당본점!
이른시간인데도 사람들이 많네요^^;;;
주말은 바글바글하다는데~~~@@/
그래도 조금은 여유있게 사진도 찍으면서 빵도 구매를 했네요!
조금 많은듯 하지만 내일까지는 맛나게 먹을듯 합니다.
67년이 되어가는 성심당이네요! ㅎㄷㄷ
가격도 여느 베이커리보다 저렴하지만 맛은 더 뛰어난듯한 맛이네요^^
간만에 가격대비 푸짐하게 맛좋은 빵을 구매하고 갑니다~
감사히 잘 먹겠습니다!!!",5,2024.01.24
"대전이 왜 빵 먹으러 간다는건지 이해가 되네요. 진짜 맛있어요! 빵이 금방금방 만들어서 나오는거라, 더 맛있는것 같아요. 매장에서 먹으려면 꽤 많이 기다려야 된다는것이 아쉬워요. 명란바게트, 딱히 기다리지 않고 살 수 있어요. 명란바게트 사는곳은 입구로 들어가셔서 바로 왼쪽에 있어요.",5,2024.12.25
이렇게 가성비 좋은 빵집이라니 대전사람들이 부러워요 ! 갓나온 명란바게트 먹고 반해서 갑니다! 소문에 주먹밥??이 맛있다고 해서 샀는데 별로였어요 ㅠㅠ 바케트는 웬만해선 바로 드시는걸 추천하고 건강빵들도 가성비 좋습니다!! 호두 많아 들어간 빵 너무 추천해요!,5,2024.01.24
베이커리 맛집입니다~ 전체적으로 다 맛있어요.. 줄을 서야하고 사람이 많아 구매하기도 불편하지만 그만큼 맛있어요,5,2025.01.03
"머리위로 쟁반이 왔다갔다 한다는 의미를 깨달았습니다
혼돈그자체
그렇지만 빵은 죄가 없습니다",4,2024.10.26
공휴일 1시반에 줄섰는데 입장까지 정확히 40분 걸렸습니다,5,2024.10.26
"크리스마스분위기가 물씬느껴지고 아침10시반에 줄서도 금방들어갔지만 내부는 정말 복작복작했습니다ㅠㅠ
빵구경 제대로못하고 사람에 휩쓸리다보이는빵 집어왔어요",5,2024.11.25
"성심당을 다녀왔습니다
지인이 대전에 있어서 오랜만에 만나러 왔다가
서울로 올라가기 전에 시간내서 들렸습니다

저도 빵을 좋아라하고
제과제빵 일을 하고 있지만
규모로서도 다른 영향력으로서도
베이커리 업계에서는 성심당 만큼
큰 곳은 드물다고 생각합니다

가격도 많이 저렴한 편인데요
다른 곳이 비싸다기 보다는
성심당이 저렴한 가라고 생각하는게 맞을 듯 합니다

비싸야만 제값 하는 빵을
다소 낮은가격에 파는 것이지
저렴한 빵을 파는게 아니니
이점 유의하시면 될거 같아요

빵 종류도 다양하게 많아서
볼 거리도 충분하고요
맛있는 빵도 먹을 수 있어서 좋습니다

사람은 항상 많이 있습니다
줄을 안서는 날이 없네요

빵도 수시로 추가하니 직원 분이
바쁘게 일하시는거 같습니다",5,2024.01.24
"드디어 첫 방문
월요일 낮임에도 불구하고 성심당엔 사람이 가득가득
빵순이로서 말하자면 소금빵은 가격만 저렴했지 평균이하였고
부띠크 케익종류는 너무맛있었어요
다음에 가면 부추빵 작은메아리? 케익 사먹을꺼에요 후후
주차는 지정된 곳에 주차해야 할인 받을 수 있어요! 현대 우리들공원 성심당 주차장입니다",5,2024.01.24
"평일 오후 5시30분쯤 도착했는데....웨이팅줄이 헐
사람 진짜 많아요.....
정신없고 빵고르기 쉽진 않더라구요.
그래도 가성비 좋고 맛좋은 빵을 먹을수 있으니 감수해야죠.
계산대도 5군데고 직원분들도 손이 얼마나 빠른지~^^
빵도 맛있고 직원분들도 친절하시고
단~~정신은 좀  없어요~",5,2024.01.24
"1. 성심당 본점은 줄을 이렇게 서야하는지 몰랐음.
2. 참고로 줄 선 사람은 모두 대전사람 아님 ㅎㅎ
3. 성심당 내 온갖 맛있는 빵이 저렴!!!
4. 겉바속촉 넘나 맛있는  치아바타와 영양만점 호밀빵 노아레즌, 야채 고로케, 부추빵 사 먹음.
5. 영양 만점, 가성비 짱 성심당 최고!!",5,2024.02.29
"대전에 놀러온 이유! 성심당 오러🥖🥖🥖
부추빵러버 오랜만에 성심당빵 먹으러 왔댭니다!
오픈 8시이고 8시 30분쯤 방문하니 웨이팅 없이 바로 빵사러 입장할 수 있었어요! 안은 복작복작해서 정신없음 그 자체...! 빵은 금방금방 소진되지만 바로바로 가득 채워져서 나오기에 빵걱정 노노! 다만 김치찹쌀주먹밥음 11시에 나온다고해서 못산건 아쉬웠어요..! 결제 줄고 금방 줄었는데, 명란바게트 진짜 짱맛! 하나 더 사올 걸 그랬어요...! 무엇보다 가격도 착해서 진짜 최고인 성심당! 왜 성심당 성심당 하는지 알 것 같은 곳!",5,2024.01.24
"오랫만에 재 방문한 성심당

비오는 날임에도 월요일인 오늘도
역시 많은 사람들도 북적인다

옛날 먹었던 그리운 소시지와 양배추가 들어간 빵
금액은 일반적으로 좀 더 저렴한듯 합니다",5,2024.04.29
"대전은 성심당 거리가 따로 있는 듯 해요. 여기저기 성심당 브랜드가 많더라고요. ㅋ 폐점 가까운 시간에 갔더니 튀김소보루는 없어서 고구마앙금이 들어 있는 소보루를 먹어봤는데 겉은 바삭하고 속은 촉촉하고 달달하니 좋더라고요. 부추빵은 당일 제조한 것으로 먹어보니, 신선하고 맛있었습니다.",5,2024.01.24
작년에 다녀온 사진을 이제 올려봅니다.  대전 갈 일이 있어서 일부러 찾아갔는데 너무 사람 많아서 겨우 줄서서 몇개 사고는 바로 기차타러 가야했습니다.  담에 갈때는 시간을 여유있게 가야겠네요. 맛있는 빵들이 많았는데 못사와서 아쉽습니다,4,2023.01.24
"전국 3대 빵집이자 대전 명물 성심당.
길고 긴 대기줄이 눈 깜짝할 사이 줄어드는 것도 놀랍고 너무나 착한 가격에 놀람.
빵의 종류가 매우 많고 많이 달지 않음.
회전울이 좋아서 갓 구운 빵을 저렴한 가격에 맛볼 수 있어서 더욱 좋음.",5,2024.01.24
"대전을 대표하는 빵집 성심당 본점.
대표메뉴 튀김소보루빵/부추빵 및 다양한 빵.
다양한 종류의 준수한 맛의 빵들을 그다지 비싸지 않은 가격에 판매.
엄청난 인파.
가톨릭 정신을 바탕으로 봉사하는 가치있는 기업.",5,2024.12.25
대전에 유명 빵집으로 유명한 성심당에서 구입한 튀소구마. 튀긴소보로 안에 고구마를 넣고 튀긴빵. 성심당은 팥이 들어간 튀김소보로가 굉장히 유명하다.튀소구마도 고구마가 달긴하지만 맛있다.우유랑 함께 먹으면 더욱 맛있을것같다.,4,2024.02.29
10시반 좀 안돼서 아주 조금 기다리고 입장했습니다. 내부에 사람이 너무 많아서 빵고르기가 넘 힘들었어요ㅜㅜ 그래도 가격대비 재료도 아낌없이 들어가있고 맛있어요! 계산대가 여러개 있고 직원분들 손도 빠르셔서 내부 인원 대비 계산은 오래 걸리지 않았습니다.,5,2024.04.29
"10시30분에 갔더니 매장안에 사람이 붐비더군요. 일찍간다고 갔는데.우~와. 빵구매 후 2층 키친테라스에서 조식, 브런치 메뉴와 음료도 있어서 같이 먹는걸 추천합니다. 개인적으로 빵은 판타롱부추빵과 이탈안 샌드워치 강추~ 닭슴살샐러드도 따뜻해서 좋았습니다.",4,2024.01.24
"241004 방문.
웬만한 빵 다 맛있음.
튀김소보로, 부추빵, 명란바게트, 스테이크빵, 피자빵, 단팥빵 등 웬만한 유명한 빵 전부 구입. 케잌부띠끄와 더불어 약 17-18만원어치 구매.

퀄리티에 비해 가격은 매우 착한 편. 최근 몇년사이 젊은층에게 인기가 상당함. 미디어에 반복적인 노출이 원인인데. 이집정도 지역상생과 고객에게 집중하는 집이라면 충분히 기다릴수 있음.

성심당과 성심당 케잌부띠끄는 서는 줄이 다르니 잘 알아보고 줄설것. 인근 주차장 주차지원까지 해주니 아주 좋음. 다만 주차권은 1장만 쓸수 있으니 시간이 모자라다면 2시간권을 받아야 함.

나는 정오주차장에 했음.

매우 추천하고 재방문하고 싶지만, 기다리는게 쉽지 않음.",5,2024.10.26
일요일 오후 5시기준 본점 입점 웨이팅 15분. 생각보다 빨리빨리 빠진다. 매장은 작은데 손님은 미어터져서 빵을 쟁반에 올리는 것도 쉽지않다. KTX 환승 시간을 활용해서 본점을 방문하려면 최소 한시간은 확보해야함. 지하철로 한 정거장이라 금방 왕복 가능하나 웨이팅이 관건. 생귤 시루를 기다리는 줄은 생각보다 짧았으나 기차 시간이 다가와서 아쉽지만 포기. 다음엔 시루 사러 와야겠다,5,2024.08.27
"저번에는 아침에 가서 줄서서 샀는데
이번엔 저녁에 지나가다가 봤더니 줄 엄청 길었어요...ㅎㅎ
대전역점이 오히려 나은거같음
인기빵은 본점이나 대전역점이나 잘 없는거같아요
명란바게트ㅠㅠㅠ",5,2024.10.26
대전보다 더 유명하다는 대전가면 살수밖에 없다는 빵집. 빵값이 그나마 좀 싸다.,5,2024.09.26
"최고의  빵집입니다
다만 입장에 1시간반 대기줄이 있어서
힘드네요",5,2024.06.28
"7월 5일 금요일 오후 1시쯤에 가서 사람이 별로 없을 줄 알았는데 거의 3줄을 기다린 것 같아요 근데 생각보다 줄이 빨리 줄어들고 매장 내에서도 계속 직원분이 줄서서 빵 고르지 말라 하셔서 줄 처음 서고 빵 사와서 나오는데까지 대략 20분 정도 소요된 것 같아요, 그리고 매장 입장 하자마자 보통 다 오른쪽으로 빠지는데 그 쪽 외에도 왼쪽에 명란바게트나 여러 빵들 더 있으니 처음 가보시면 왼쪽을 먼저 가보시는게 좋을 것 같아요",5,2024.07.28
"테라스 키친
6천5백원 메뉴부터 평균 8천원대 정도의 비교적 저렴한 비용으로 식사를 할 수 있다. 주말 이나 휴일은 웨이팅 30분은 기본.
시설이 막 분위기 있고 고급지지는 않다.  늘 붐비고 시끌벅적하다.  음식은 특별히 맛있지 않지만 평균 이상은 한다. 성심당 이름 값+ 살짝 저렴한 비용의 식대 정도의 가치. 대전 살면서 3달 건너 한 번씩은  방문하는것 같다. 초등생 아이는 너무 좋아함.",4,2024.11.25
20몇년만에 갔어요. 어릴 때는 그냥 지나가다가 빵 주워먹으러 들어가던 곳인데 이젠 줄을 서서 기다려야만 사먹을 수 있는 곳이 되었네요ㅋㅋ고딩 땐 2층 식당에서 밥 많이 사먹었었는데..추억의 장소. 빵도 저렴하고 맛있어요!! 나는 잠봉뵈르가 제일 좋아,5,2024.11.25
"날짜 : 23년 3원 15일
시간 : 09시
주차 : 성심당 문화원

케잌부띠끄에서 식구들이 주문한 딸기시루떡 사서 차에두고 방문함.
오전에 방문하니 한산하고.
빵들은 하나씩 나오고 있었음.

방문하시는분들 가능하시다면 아침 일찍 방문하실것을 권유드림.

대전 출장길에 가족들 주려고 항상 들리지만.
맛은 특별하다고 못느낌.
그냥 대전가면 당연히 가는 집이 되었음.
대전=성심당. 같은 느낌??
군산 이성당은 서울에서도 쉽게 구할수 있지만.
성심당은 무조건 대전을 가야되니 그런가 봄.
성심당 마케터가 누군지 모르겠지만 능력자인듯.

단,  아침 일찍이라 준비 안된 빵들도 있음.",4,2024.01.24
대전 중심부에 위치한 본점은 방문객이 항상 많아 정신이 없을 정도입니다. 빵도 가격도 적정하고 맛도 좋아 많이들 사가십니다.,4,2024.01.24
"튀소, 명란바게뜨 맛있음.

본점이나 대전역이나 줄은 긴데 회전이 빨라서, 본점은 20분, 대전역 4분 이었음. 주말에.

한번 먹어볼만함. 역점 갈바에는 택배를 시키고,
한번가볼려면 본점으로 가야함.",5,2024.09.26
"진짜 개감동하지 않으면 별 5개 안주는데 여긴 진짜 왜 이제왔나 싶을 정도로 미친 빵집임. 일단 거리자체가 성심당 거리인듯한 성심당 가게가 모여있는 거리부터 기대감을 높여주고 이 더운 날씨에 양산까지 동원해서 줄을 서 있는 대기손님들을 보면 기대감이 최고조에 이름.

들어가자마자 절로 우와 소리 밖에 안나오고 연신 사진찍느라 바빠짐. 여긴 절대 한번 방문으로 모든 걸 느낄 수 없어 들어가자마자 벌써 아쉬워짐. 튀김소보로 지금 하루 지났는데도 여전히 바삭 고소 달달해서 미친 맛이고 부추빵은 딱 씹자마자 부추의 향이 나면서 잉? 부추전인가? 하는데 뒤에 밀려오는 풍미와 고소함과 계란인지 뭔지 모를 부드러움이 폭발하는데 진짜 미쳤음.

이번엔 부추빵, 튀김소보로, 메아리 등 유명한 빵 위주로 먹었는데 고로케랑 샌드위치, 소세지빵들도 정말 때깔이 미쳐있어서 다음번엔 그쪽 코스로 다 뿌사버리겠음.

성심당 아들이었으면 좋겠다. 저런 빵 매일 먹을 수 있으면 이미 고도비만으로 세상 떠났을듯 ㅜㅜ 빵보단 밥 주의라 원래 그다지 빵을 즐기지 않는 편인데 빵집을 또 찾고 싶다는 생각은 거의 처음인듯? 안동 맘모스빵집 등 유명 빵집 가서 기대보다 별로란 실망감이 항상 더 컸었는데 성심당은 정말 명불허전.",5,2023.01.24
"대전의 자랑 성심당
성심당 본점 주변으로 케잌  부티끄, 문화원도있어 구경하기 좋습니다.
문화원에서 성심당 역사? 에대한 전시를 하고있었는데 성심당이 단순한 빵집이아니라 대전의 역사이자 문화라는걸 알게되었습니다.
빵이 맛있고 멋있었습니다.",5,2024.04.29
대. 성심당. 다녀옴.진주에서  서울가는길에  일부러 들렸음. 남편이 없어서 가능 ㅋㅋ  빵  너무 맛있음,5,2024.10.26
"지금껏 성심당 빵 제대로 먹고 있는 줄 알았는데 전혀 아니었네요. 지금껏 대전에서 사온 빵을 서울에서 먹었었는데, 이번에 제대로 갓구운 성심당 빵을 먹었네요. 몇 시간 지난 튀김소보로가 80점이라면 갓구운 튀김소보로는 백점만점이네요. 부추, 고구마, 단팥 중 3등, 2등, 1등 순으로 제 취향이네요. 고구마는 은은한 단맛이, 단팥은 진한 단맛이 나요. 튀김소보로는 단팥이 진리죠 ㅎ

대전 방문하시는 분들이라면 일부러 시간내서라도 꼭 들러보세요. 주차가 불편하긴 한데 성심당 카페에 주차하시고 걸어서 방문하시면 됩니다. 그리고 마감시간 즈음에 가면 모두 팔려서 구입할 수 있는 품목에 제한이 있으니 미리 미리 가세요.

바게트도 질감이 꽉 차 있고 맛이 좋아요. 성심당 카페에서 마시는 커피도 괜찮습니다.

제대로 된 가게 하나만 있어도 그 지역 경기가 활성화 되고, 그 지역에 대한 인식도 좋아지는 것 같습니다. 성심당이 대전 지역에 매우 중요한 부분을 담당하고 있다고 생각하는 사람이에요. 대전 사는 사람들 복 받았네요 ㅎ",5,2024.01.24
빵이 맛있으니 사람들이 계속 많이 찾겠죠. 빵도 맛있고 기획자가 누군지 요즘 운영을 너무 잘하네요. 기다리는 동안 사용할 대형 우산 곳곳에 안내 플랜카드 빙수 파는 방법 등 참 마음에 듭니다 ^^,5,2024.01.24
"별 5개로는 부족한 빵 맛집

- 잠봉뵈르♡ 애플잼샌드위치♡
- 소세지빵♡
- 시루♡",5,2024.09.26
"2023.07.31
월요일인데.. 휴가철이긴 해요
평소에도 사람이 이렇게 많은지.. 휴가철이라 특별히 더 많은지 모르겠어요
입장하기 전에 25분정도 줄 서서 들어갔고 매장은 생각보다 굉장히 작은데 사람이 많아서 여유있게 둘러보는 분위기는 아니에요
빵 가격은 확실히 저렴합니다
계산 카운터는 많아서 빵 고르기만 끝나면 계산은 금방 끝납니다
대전 제일 관광명소답게 진짜 복잡하긴 하네요
지나갈일이 있어서 들르긴 했지만 빵만 사러는 다시 못 올 것 같아요

주차는 우리들 공원 지하주차장에 했고 30분에 1100원입니다 계산할때 주차권 얘기 없어서 깜박했는데 그 점은 좀 아쉽네요
블로그에서 주차장 넓고 넉넉하다고 했는데 전혀 아닙니다 주차간격도 좁아서 옆차랑 문콕하기 딱 좋고 내려가고 올라가는 통로도 좁은 편입니다.",4,2024.01.24
빵이 맛이 없는것은 아니지만 굳이 이고생을 하면서 까지 갈 이유는 오로지 성심당에 다녀 왔다라는 경험말고는 없는것 같습니다. 굳이 경험하고 싶다면 덥고 추운날은 피해서 방문 하는것을 추천드립니다.,3,2024.01.24
대전 가면 꼭 방문해야합니다. 가격도 좋고 맛도 좋고.성심강 갈려고 대전 가도 될정도. 사진은 케잌 부띠끄 밖에 못찍었어요. 빵집은 사람이 너무 많아서 못찍었네요.,5,2024.01.24
"11월 12일 일요일 방문
엄청난 웨이팅으로 대략 한시간정도 밖에서 기다리다가 들어갔는데 안에도 사람이 엄청 매우 많았고 직원과 손님들이 섞여 만원지하철의 느낌이 나는 특이한 빵집이였어요. 외국인도 많고 그냥 사람이 엄청 많았습니다.
빵도 많긴한데 빵종류보다 사람이 훨씬많은거 같아요 ㅎㅎㅎㅎㅎㅎ",4,2024.01.24
"아침일찍 방문했는데도 사람이 많았어요.
빵 종류가 정~~말 많고 보통 빵집들과 비교했을때 가격이 저렴한편입니다.
대전에 오시면 꼭 들러볼만합니다.
윗층에는 식사매뉴도 판매하고있었는데,
가격이 저렴해서 별기대 안했는데, 정말 맛있고 가성비 넘치는 식사였습니다!!
반드시 방문해야할 맛집이며,
대전의 자랑이라 할만하네요.",5,2024.01.24
"(이 리뷰는 딸기시루케이크에 대한 리뷰임)

대전 출장 가면 매번 대전역점에서 튀김소보로  먹고 포장해갔는데,  이번에는 큰 맘 먹고 본점에 찾아갔다. 1시간 줄 서겠다는 생각으로 찾아갔는데, 왠걸? 줄이 없네? ㅋㅋㅋ 대박을 외치면 성심당으로 들어갔다. 이렇게 편하게 구경하면서 살 수 있는 곳이 아닌 걸로 아는데, 운이 너무 좋았다.
원래 망고시루케이크를 사러 간건데, 딸기시루케이크가 보이는거다. 엄청 고민하다가 딸기시루케이크를 구매했다. 가격은 4만 얼마였는데, 뭐 서울에서도 케이크가 그 정도 가격하니까 ...
부푼 기대를 가지고, 서울로 왔고, 성심당 딸기시루케이크 샀다고 주위에 엄청 자랑도 했고...
저녁에 가족들과 먹었다.
기대가 컸나... 다들 많이 먹지 못했고, 맛있다고 난리치지도 않았다. ㅜㅜ
딸기가 많은거 외에 케이크가 맛나거나 특이하거나 그런게 아니다. 두번 먹지는 않을듯....

다음에는 망고시루케이크 한번 먹어봐야겠다.",3,2024.05.29
"명성을 생각하면 가격도 좋고 맛도 나쁘지 않습니다. 성심당의 마인드도 좋습니다.
한가지 아쉬운 점은 회전율을 위해서 인 것 같은데,
계산대가 줄이 없어서 더 혼잡해요.
손님들끼리 눈치 싸움 하는 느낌이라 계산 할 때 너무 어지럽고  가격 확인이 어렵네요.",4,2024.11.25
"대전을 가는 이유는 성심당이 있기때문이네요~^^
그래도 줄이 잘빠져서 금방 샀어요~",5,2024.06.28
"대전이기에 온다는 그곳
대전에 유일한 시내 대기업
엄청난 인파와 빵이 사라진다
오픈때는 차라리 빵 갯수가 적어서 9ㅡ10시 사이가 최적 하지만 사람 개많음 ㅠ
가격은 무난 맛있음!!
2층 카페도 있어서 먹을수있음",5,2024.01.24
"세 번째 방문이었는데 엄청 많이 바뀌었고
사람들도 엄청 많았다
다양한 빵도 많았고 교황님 치즈스콘도 있었다^^
배고픈 맘에 사라다빵을 먹었는데 맛있었다~
성심당과 관련 있는 다양한 곳이 있었다",5,2023.01.24
대전기차역에서 전철타고 중앙로역 2번출구로 나와서 3분정도걸으면 왼쪽에 바로 성심당있어요 오전에 와야 사람 별로없어요 본점에서 빵사고 바로 근처에 부띠끄점에서 롤케이크랑 타르트류 사면됩니다 그리고 또 근처에 문화원있거든요 거기서 커피나 음료 주문후 빈접시랑 나이프 포크 요청 하셔서 2층에서 드시면됩니다 다만 테이블이 많지않으니 자리경쟁 치열할지도 여자화장실은 2층 남자화장실은 3층에 있고 엘베도있고 엘베앞에 물도 있어요,4,2024.01.24
워낙 유명한 곳이라. 설명할 것은 없고 대전 근처가게 되면 꼭 들려서 가족들것 까지 사오는 곳이네요. 주말이나 휴일에는 웨이팅이 있지만 회전이 빨라 그리 오래 기다리지는 않는게 장점이나 가게 내부에 사람이 너무 많아 다양하게 구경하기에는 눈치가 많이 보여요 ㅎㅎ,5,2024.01.24
가격도 저렴한테 엄청 맛있다. 재료를 아끼지 않는 느낌.. 강력 추천 드립니다.,5,2024.08.27
"제가 고1때(88년)맛본 초코파운드는 이젠 안보이네요 그땐 형님이 사다준 파운드 케익을 맛있게 먹었는데 지금은 맛 볼 수 없으니 아쉽네요
대신 모찌모찌식빵을 강추합니다 전 제과점에 가면 식뻥을 먹어보고 그집빵맛이 어떤지 판단하죠
결코 싼가격은 아니네요

아 그리고 걸어서5분거리에 성심당전용주차장이 있으니 꼭 이용하세요 편하네요",5,2024.02.29
"케이크와 시그니처 빵인 튀김소보레 등을 구매했습니다.   케이크 정말 맛있습니다.  재료가 아낌없이 들어갔구요.  맛도 모양도 정말 최고 입니다.   시그니처 빵 중에는 부추빵과 튀김소보레 모두 맛있었고, 빵집 옆에 문화관에서 음료 주문해서 같이 먹을 수가 있습니다.
새벽같이 출발했는데도 9시가 넘어서 도착했고, 케이크는 30분 이상 줄을 섰어요.  계산까지 한다면 한 참 더 줄을 섰겠네요.
전국으로 배송이 된다면 좋겠습니다.   케이크 다시 먹고 싶습니다.",5,2024.12.25
그 유명한 대전 성심당을 방문했는데 진짜 사람이 너무 많았어요 그리고 그곳은 성심당이라는 지역 같았어요 진짜 여러 곳에 분포해 있어서 놀랬습니다. 빵 퀄리티도 좋고 종류도 많고 무엇보다 가격이 생각보다 저렴해서 아주 매력 있었습니다. 진짜 탄수화물 과다 섭취했어요. 대전분들이 부럽네요,5,2024.01.24
"전국구 빵집으로 유명한 성심당 이야기가 나와서 친구들과 평일날 갔음. 연월차 동원이 힘든 친구들 부탁을 받고 4명이 약 35만원어치 빵을 샀는데 골목자체에 사람들이 전부 성심당 봉투를 들고있다고 할정도로 사람이 많아서 옛 번화가 느낌이 나서 좋았음.
매장이 생각보다 작아서 이게 본점이 맞나 싶었는데 빠르게 소진되는 빵을 빠르게 채워 넣는게 신기할정도 패키지로 판매되는 빵들은 스티커를 잘확인해야함. 맛이 엄청나거나 하지는 않지만 가격도 저렴하고 종류가 다양해서 충분히 즐길수 있음.
빵을 고르기전에 홈페이지의 순위표가 있는데 순위대로 사는걸 추천합니다. 보문산메아리는 강추 메론빵은 비추하겠습니다",4,2024.01.24
"성심당 본점 주변은 빵과 케이크. 음료, 약과 등 모든걸 맛볼수 있네요. 전반적으로 가격대비 가성비가 좋은 곳으로 늦은시간지만 손님이 많네요.",5,2024.01.24
대전인들에게는 추억에 빵집이면서 빵부심을 갔게 해주는 곳이에요.언제가도 맛있는 빵이 많은곳 입니다.,5,2024.09.26
"이게 지옥인가 빵지옥... 외부 대기줄이 생각보다 빨리 줄어들길래 오 괜찮은데?? 이러고 들어갔는데 가게 안쪽은 혼돈의 카오스.... 뭐를 기다리는지 보이지도 않는데 사람들이 안움직이길래 다른쪽으로 움직여서 따라가다 맘에 드는빵 집으려고 하면 아까 안움직이던 줄이 그 빵 대기줄이다 그래도 모든빵이 품절되어있던 오후시간 롯데점보다 빵이 많고 10개가 넘는 빵을 사도 3만5천원을 넘지 않았다 가성비는 진짜 최고...
빅매치, 명란바게트가 젤 맛있었다",3,2024.05.29
"가격이 진짜착해요 맛은더착해요
샌드위치필수 보문산메아리최소2개 소금빵1500원인데 가성비짱 혼자먹을거라 더 많이 못산게..아쉽네요...오전에 좀일찍가니 한가했어요 한가할때 빵을 마구사서 2층에가서 음료수(밀크쉐이크짱맛있어요)랑 드시면되요.혹 사람이 몰린다?한명은 2층먼저올라가서 대기포받아기다리고 한명은 1층서 빵을 사는게 시간절약할듯요(옆에 케이크부띠끄서 사온거 먹어도 되드라구요~~)",5,2024.01.24
"주말이라 사람이 많을 것이라 생각했지만,
많아도 너무 많아서 놀랐답니다!
3-40분 정도는 밖에서 기다린듯하네요!

빵 만드는 곳이 통유리라 밖에서도 훤히 보여서
믿고 먹을 수 있다는 신뢰를 준답니다!

안으로 들어가면 순서대로 빵을 구매하는 것이 아니라
자율적으로 먹고싶은 빵을 고르고 결제할 수 있는데요.

장점은 먹고 싶은 빵을 먼저 고를 수 있고,
재고가 부족하면 리필도 거의 바로바로 되기 때문에
회전율이 좋아서 사람들이 금방 사고 나가요!
단점은 사람이 너무 많이 한 번에 들어와 있어서
구매하는 것과 결제하는 것도 어려워요!

손님을 조금만 적게 들여보네주면 더욱 좋을 듯합니다!

주차는 골목에 빈 곳에 하거나, 우리들공원주차장, 성심당 전용 주차장, 현대주차장이 있으니 방문 시 참고하세요!",5,2024.01.24
"대전 최고의 빵집,
이젠 전국적으로 유명하다",5,2024.08.27
"대전의 명물 성심당👩‍🍳🥯

유명한 빵집이라 대전 간 김에 다녀왔어요
크게 기대 안하고 갔는데 이 동네 거의 성심당한테 장악당한 타운같은 느낌이랄까요..? 그만큼 대단한 빵집이라는게 느껴졌어요

빵은 전체적으로 다양하고 가격대도 나름 저렴해서 부담없이 이것저것 골라서 구입했어요!
맛있더라고요",5,2024.01.24
"대전하면 성심당
역시 사람들이 왜 성심당~성심당~ 하는지 알겠더라구요~
특히 ""딸기 시루 케잌"" 찐 짱 최고네요~^^",5,2024.01.24
본점은 언제가도 정말 사람 많습니다. 빵 살것도 엄청 많습니다,5,2024.06.28
"There is a lot of waiting here.And cars must be parked in nearby parks.But the bread was very delicious and cheap.And the redbean shared icesold there is very cheap ans plentiful
여기는 웨이팅이 길고 주차는 주변 공원에 주차해야한다.하지만 여기는 빵이 아주 맛있고 저렴하다.그리고 팥빙수는 싸면서 푸짐하다.",5,2024.12.25
"유명한 빵집이라서 다녀왔어요.

일반빵은 안쪽에 원래 있던 성심당에서 팔앗고, 케익부띠끄에서는 박스포장된 빵들과  케익 종류를 팔고 있었어요.

양쪽 다 사람들이 줄을 많이 서서 둘어가야했어요.

튀김소보로가 유명하지만, 개인적으로 야채고로케가 훨씬 맛있었어요. 원픽 야채고로케

그밖에 명예에 전당이라는 빵들을 먹어봤는데, 월등히 맛있다는 느낌보다 그냥 먹을만 했다 정도였어요.",3,2023.01.24
대전에 유명하다고해서 갔는데 더운날에 줄 서있는곳에 초록우산으로 햇빛을 가릴수있더라구요 생각보다 오래서있어서 유용했습니다 근데 뭔가 빵들이 다 특이한 맛이더라구요 다른곳에서 먹어보지못한 맛도있었어요 저는 성심당 디저트만 판매하는곳에서 과소비하는바람에 7만원정도 썼는데 타르트가 잘부스러지고 질척한느낌이라 그렇게 선호히는편은 아니였어요 이중에서 청포도타르트 같은애가 생크림이 상큼하고 맛있었어요 다른건 약간 느끼하더라구요 푸딩은 둘다 부드럽고 맛있어요 망고 다음에 다시가게된다면 망고는 꼭 사올것같아요 생망고케이크같아서 맛있습니다 다른건 그냥 그랬어요,4,2024.01.24
"평일이라 대기줄이 짧을줄알았으나 엄청남
50분정도? 기다리고 겨우샀는데 매장내협소하여 압살당하는 느낌이었음 휴..
튀김소보로는 느끼할까봐 1개만 샀는데 사람들이 왜 박스로사는지 알것같았음
그리고 가격이저렴 많이샀는데 3만원도 안됐음 대박스 더 흥하길",5,2024.10.26
분주하지만 친절하십니다. 평일밤이라 대기가 짧았어요,4,2024.08.27
설명이 필요없는 국내 최고의 빵집.,5,2024.09.26
"저도 빵지순례 와봤습니다 순례자들이 참 많군요. 그럼 이제 한입 먹어보겠습니다😎

찐후기 : 튀김소보로 솔직히 다아는 그맛이었습니다..
부추빵은 뭔가 가쓰오부시 맛이 나고 담백한게 맛있네요…",5,2023.01.24
"빵투어를 한다면 여기로... 빵 종류도 많고 저렴한 편이예요!

빵 6개 샀는데 16,000원 정도!
한국 빵 가격 높기로 유명하잖아용
성심당은 가격도 좋고
2층 성심당 키친도 맛있어요!",5,2024.01.24
아침 일찍 8시30분에 오픈하는 것이 너무 맘에 든다. 갓 나온 빵을 2층에 들고 올라가서 아침식사로 먹을 수 있다는 것은 좋은데 카페가 9시 시작이라 바로 커피를 함께 할 수 없다는 것이 아쉬움.,4,2024.01.24
"너무 유명해서 말할 것도 없죠 ㅎㅎ
가격도 저렴한데 내용물도 가득차 있어서 느슨해진 대한민국 제빵계를 긴장하게 만드는 빵집입니다.",5,2024.06.28
"대전은 성심당 성심당하는 이유가 있음..
대전역 말고 본점을 꼭 방문해보세요.
케익파는곳도 꼭 방문하길
눈이 즐겁고 맛도 있습니다.",5,2024.01.24
가성비 좋고 빵다 맛있네요 평일 오전에 일찍 갔는데도 손님들이 꽉 찼네요 대신 대기는 없어서 좋네요,4,2024.02.29
"대전은 성심당! 맛집ㆍ음식 웨이팅 안하는데 대전은 성심당 빵이니까 웨이팅 OK.  무화과시루 사고 다른 시그니쳐는 한개씩 작은걸로~^^ 건강한 빵이구나를 먹는 순간 알 수 있고, 발효에 신경써서 속이 진짜 편한 빵이었다. 다시 웨이팅 할 마음도 있음. 웨이팅 줄 길어도, 시스템(고르고, 계산하고,포장하는 분업)이 좋아 기다릴만 함^^",5,2024.10.26
"성심당 튀김소보루랑 부추빵이 맛있다 소리에 벼르고 벼르다가
평택으로 이사온지 약 반년만에 큰 맘 먹고 방문했습니다.
그런데 ITX로 35분 거리로 생각보다 가까운 대전,
그리고 대전역에서 도보 15분 정도 거리의 성심당 본점에 깜짝 놀랐습니다.
거리상 크게 부담이 없어 (물론 이동비는 비싸지만 ㅋㅋ) 월에 한 번은 방문하지 싶습니다.
매장에 방문해서야 택배시스템에 대해서도 알게 되었지만 직접 눈으로 보고 직접 고르고 싶어서 추후에도 내방하여 구매하지 싶습니다.
판타롱부추빵, 튀김소보루, 초코튀소, 플레인크로와상, 야채고로케, 성심순크림빵을 구매했습니다.
사실 크로와상은 평범 무난한 맛이라 조금 아쉬웠고, 초코튀소는 생각보다 더 달아서 당 떨어질때 한 개만 먹어도 충분할 것 같았어요.
성심순크림빵은 크림이 감당이 안될 정도로 많이 들었고 촉촉하니 맛있는게 왜 베스트12에 들어가는지 이해가 될 맛 이었습니다.
나머지빵들도 soso 괜찮았어요.
다음에는 이 날 구매하지 못한 더 다양한 빵들을 구매하고 싶습니다.",5,2022.01.24
처음 가봤는데 빵맛도 좋고 가격도 착하더라구요..근데 2층에서 파는 음료는 좀 비싸요..ㅠ.ㅠ그리고 3대 빵집이라 사람이 많은 관계로 무슨빵이 있는지 여유있게 구경하고 고르기 힘들어요~그냥 줄 따라 움직이며 후딱후딱 집어야 해요.,4,2023.01.24
"1층은 제과점, 2층은 테라스키친으로 음식점. 기본 대기시간 많이 있음. 빵들이 맛있고 저렴해서 가성비가 좋음.",5,2024.08.27
"한번쯤 가볼만하다
사람이 엄청많다
빵 사서 2층 식당에서 먹어도 된다
나이프랑 포크 접시도 사용하면 된다
기본빵이 맛있다",5,2024.04.29
"빵도 맛있고 가격도 착한데
대기줄이 정말 어마어마함
줄 서서 기다리는것도 일이지만
매장 안에서 빵 담고 계산하는 것도 일임
계산은 직원분이 겁나 빨리 해주시고
포장도 꼼꼼하게 해줘서 그 부분은 맘에 듦",5,2024.03.30
"사람이 너무 많아졌네요..
계산하는데 너무 오래걸림..",4,2024.12.25
"마감시간 다 되어 급히 사온 튀김소보로
잘 포장해주시어 집에서 맛있게 잘 먹었습니다.

매번 느끼지만 참 맛있네요!",5,2024.01.24
"대전의 자랑 성심당! 빵도 맛있는데 좋은일까지 많이한다니...2층에 양식당에서 식사했는데 모든 메뉴가 맛있고 가격대도 적당했다. 고급레스토랑은 아니더라도 편하게 맛있는 음식먹고 나온 느낌이었다. 4명이서 본품 단품 4개, 샐러드 1개 시켰는데 양이 진짜 많았다.추천합니다!",5,2024.01.24
"명물인 튀김소보로 종류 다 맛있고요,,,,새롭게 나온 빵들도 맛있어요:) 무엇보다 가격들이 서울과 비교하면 70프로 정도로 저렴하네요 서울에도 지점이 생기면 좋겠어요…❤️",5,2023.01.24
"튀소가 유명하다했는데 다른것도 맛있네요.
딸램은 마라튀소 좋다고했고 저는 보문산?이 정말 맛있었어요~~",5,2024.01.24
"추억을 떠오르게 하는 장소.빵들이 가성비가 괜찮다.성당앞에 있는 빵집.
명란바게트 맛있다.
빙수를 포장하는 모습도 인상적이었다",5,2024.01.24
"대전에 갔으니 성심당을 들려봅니다.
다행히 대전 시내 한복판인데 주차가 가능하네요. 다만 줄을 서서 기다려야 하는데 그나마 평일 점심때라 그런지 회전이 잘 되어 오래 걸리지는 않았네요
주차하고 있는 건물을 커피숍같은 곳이고 건물을 나가면 겅 동네가 성심당 지역입니다.
성심당 앞에서 만나 이런 약속은 하지 마시고 어떤 점인지 정확히 하셔야해요.ㅋㅋ
빵은 역시 맛있습니다. 더할 나위 없이 맛있네요.",5,2023.01.24
"성심당 본점 넘 만족했어요~
빵 종류도 엄청 많고! 2층에는 성심당에서 하는 간단한 음식점인거 같은데 가성비가 짱이네요❣😍 감자스프 완전 맛나요~~~~
오렌지 쥬스도 생오렌지 선택해서 착즙쥬스처럼 해먹는 방식인데 진짜 진짜 달아요🍊🍊🍊3개 정도 넣어 먹으면 180ml정도 나오는 듯??
샌드위치도 충실한 재료랑 해서 가성비 짱이고 좌석도 넓고 해서 편해요^^…",5,2021.01.24
"대전의 첫번째 관광상품.
이번 1박2일 여행에 이유가 된 곳. 정작 빵은 한 바구니만(?)사고 다른 곳을 더 많이 들렀지만...
많은 인재를 배출하여 '더 맛있는 빵을 만드는 사장님'을 양성한 곳. 더 나은 듯한 곳이 없는 건 아니지만, 이런 가격에 이런 퀄리티 없다. 대전 왔으면 꼭 들러야한다.
사람이 미어터지고 줄서는 분위기마저 재미있다.

23년 슈톨렌 작은 것의 가격은 만원.",5,2024.01.24
"진심 대전에서 멀리 사는 게 통탄스럽다. 진짜 다 너무 맛있고 라인업만 봐도 어떻게든 맛있는 빵을 먹기 위해 연구한 느낌. 빵에 진심인 게 느껴진다. 빵 좋아하면 그냥 천국임..
심지어 맛에 비해 가격도 착하다. 잠봉뵈르 8천원이길래 별로 기대 안 하고 샀는데 그 유명한 ㅅㄱㅈ 보다 훨씬 훨씬 맛있었다.
명란 바게트, 잠봉뵈르, 작은 메아리 이렇게는 쟁여오는 게 답임. 집 오면 후회된다. 두 개씩 사 올걸....^^",5,2023.01.24
"대전가면 꼭 들려서 몇개씩은 사옵니다
못먹어본 친구가 있어서 포장해서 집앞에서
맥주랑 같이 먹었습니다 술안주로도 좋네요",5,2024.06.28
"빵도 많고 사람도 많고
빵은 제 생각보다 훨씬 저렴했어요 대전 명물이라길래 비쌀줄 알았는데 파리바게트,안스베이커리 와 같은 프렌차이즈보다 훨씬 저렴하더라구요
맛도 좋아요 제 픽은 후렌치파이!
대전에 또 안갈것 같아서 지인이 간다하면 후렌치파이만 5개 사다달라 할겁니다
10가지정도 샀는데 들어가면 바로 보이는 박스에 팡도르, 계산대 옆 보문산 메아리, 들어가서 벽쪽으로 직진하면 보이는 닭가슴살 샌드위치가 기억에 남네요
가족이랑 나눠먹으려 산 팡도르는 투썸 시그니처뱅쇼랑 같이 먹으면👍
사진은 성심당 케이크점 입니다(산타가 너무 귀여워서 갤럭시 기능으로 스티커 만들어서 더 키워봤습니당)",4,2023.01.24
"전주에서 왔고, 친분을 통해서 알게되었어요!",5,2024.09.26
"대전역을 이용한다면 구매는 대전역에서 하는걸 추천해요. 대전역에는 품절되는 빵도 없고 본점보다 덜 붐벼요. 그리고 구매한 빵을 들고 다닐 필요가 없어요. (샌드위치는 본점에서만 구매가능한거 같긴 하네요)
하지만 성심당 본점은 대전을 대표하는 곳이면서 맛있는 빵이 있기 때문에 방문할 만 할 가치가 있다고 보아요.",4,2024.04.29
"대전에 유일한 맛집인듯 싶어요
튀소처음 먹어보고 가끔씩생각났는데 오랜만에 먹어도 맛있어요 평일낮에도 사람많고 맛있는 빵들 너무많다~!
근처에있는 성심당 부티크도 같이가보세요",5,2020.01.24
"성심당 본점답게 사람들도 많이찾아오네요.
빵종류도 많고 몇개품목들은 시식도 합니다.
2층에는 성심당에서 운영하는 음식점이있고요
성심당에 시그니처 메뉴인 튀김소보로와 부추빵은 선물용으로 팔고있어요.
빵맛은 괜찮은 편이며 튀김소보로는 좀느끼하네요.",4,2019.01.24
"빵 역시 맛있음, 튀김소보로는 약간 느끼할 수 있음
직원분들 친절하시고 비오는 날 방문하여 다행히 웨이팅 없이 들어감!",5,2024.01.24
"대전사는 지인과 함께 처음 방문해 봤는데 규모가 정말 크고 빵종류가 다양했어요.

보문산 메아리는 소문대로 정말 맛있었고 다른 빵들도 모두 맛있었습니다. 사람들 많은 건 어쩔 수 없고 ㅠㅠ 대전 들일 일이 있다면 재방문 의사 있습니다!!",5,2024.11.25
좀 과장된 인기라 생각하고 방문했다가 너무 예쁜 샌드위치와 다양한 빵에 눈이 돌아감. 정신차려보니 쟁반에 빵을 한가득 담은 나를 발견함. 성심당때문에 대전 가고 싶음 ㅎㅎ,5,2024.01.24
"빵 싫어하는데도 너무 좋았다.
이쁜 게 좋아서 빵도 사먹었다.
맛있었지만 역시 빵보다는 밥과 면이 좋당.",5,2022.01.24
"일요일 아침 9시 50분 아주오랫만에 일요일 브런치를 먹기위해 들렀던 본점은 사람들로 꽉 채워져있었습니다. 대부분 관관객으로 보였는데, 참 많은 사람들이 빵을 사려 모여있었어요. 원하는 제품을 선택하기도 힘들고, 정말 난리난리였습니다. 2층 식당에도 사람들이 있었으나 그리 많지는 않았구요 일찍 가지않으면 자리가 아주 없을것 같네요 10시30분 쯤 되니 입구부터 외부로 줄을 서는 모습도 볼 수 있었어요. 정말 편히 올 곳은 못 되는 듯 합니다. 주차장은 잘 되어는 있으나 워낙 방문객이많아 근처 주차장에 주차하시는게 나을 듯합니다.",3,2023.01.24
"빵 종류도 많고 가격이 타 메이커 보다 상대적으로 저렴합니다
계산대도 많아서 줄이 금방 빠집니다",5,2024.01.24
"대전역 내려서 직진해서 가면 있어요 2층에는 음식점이 있어요 음식점은 사람 많으면 대기표 받고 들어갑니다
본점은 진짜 줄이 길어서 2층 음식점(테라스키친) 앞까지 줄이 있었구요 이영자씨 추천 명란바게트 전 진짜 맛있었어요 본점에만 있는 메뉴도 있어요 딸기류 시즌 빵들은 본점에만요 저는 빵은 대전역에서 샀습니다 ㅎㅎ
아!음식은 돈까스 종류가 맛나네요 ㅎㅎ
저희 먹은 건 치즈돈까스가 가장 맛났어요
양이 많아서 진짜 배불렀어요 ㅎㅎ

대전역엔 튀소 부추빵등 세트로 파는 건 따로 줄 있어요 ㅎㅎ",5,2020.01.24
대전에가면 꼭 들러서 가는 곳입니다.튀소만 맛있는것이 아니라 튀소고구마도 맛있네요. 오늘은 명절선물로 순수롤과 케잌도 샀네요. 맛은 믿고보는 성심당이네요.🤩…,5,2020.01.24
성심당의 역사는 1950년 함흥철수 작전 때 피난 내려오신 이야기로 시작되죠. 대전에서 가장 유명하고 스토리가 있는 빵집입니다.,5,2024.01.24
4종류 정도의 케이크를 먹어보았는데 케이크는 보통. 그러나 튀김소보루는 추천. 겉은 바삭바삭 고소하고 안은 부드럽고 달달하다. 맛본 남녀노소 모두가 하나같이 맛있어함. 겉의 바삭함이 지나쳐서 가끔은 입천장이 아프지만 덕분에 하루가지나도 눅눅해지지 않는다. 대전역내에 있어서 기차타러가다가 살 수 있어서 좋다.,5,2021.01.24
"맛있어요~  ^^
부추빵은 제입맛에는 별로였고~ ^^
치아바타빵도 여러종류로 있어서 좋구요~
앙버터빵도 좋아요~ ^^
카카오순정은 비쥬얼도좋고요~ 맛도 있어요 ^^
역시나 튀김소보로와 튀소구마는 쿵짝!! 꼭 먹어봐야 할 맛이네요 ^^
저는 달달구리 안좋아해서...블랙홀빵이 쵝오!!
쫄깃함과 맛이 함께어우러져있어..칭찬합니다!! ^^",5,2020.01.24
"대전의 빵지순례.
대전 성심당 본점에 방문하였다.
오후 3시반이후.
사람들이 놀이동산처럼 꼬불꼬불 줄지어있었고.
입장까지 2,30분여 대기하였다.
입장하라고 해서 들어갔는데.그야말로 빵접시 마저 앞으로 들고있기 힘든 밀집도로 사람들의 흐름에따라 걸어가고.빵카트를 이동해야하는 직원은 몇톤이 높은 목소리로 외쳐대고 있었다.
입장을 안의 혼잡도에 따라 제한 하면 정말 더 좋을텐데..
생각이 들었다.
빵은 정말 더할나위 없었다..",3,2023.01.24
대전의 상징이라 누구나 안다 일부러 갈 필요없지만 대전 방문 일정이 있다면 추천한다 주차는 우리들 공원주차장을 이용하면 된다,4,2024.01.24
"대전에서 그 유명하다던 성심당에 왔어요~
정말 완전 기업이네요~
명란바게트가 제일 맛있어요~^^",5,2024.01.24
"마케팅이 전략적이고 가격이 저렴한편
홀린듯 경쟁한듯사왔는데;; 오프닝 시간인 데도 ;; 건너편에 주차를 하고 와야 하는 번거로움을 감안할 필요까진 없어보인다.",3,2025.01.03
"비가 엄청 오는날이리 그런지 다행이 줄은 길지 않았고 10분? 만에 입성, 빵은 소문대로 맛있었습니다!!",5,2024.01.24
"가격도 저렴하고 튀김 소보로에 우유한잔은 바삭하고 달콤한 디져트의 극치였다.
분위기 좋은 교외의 카페 베이커리 에서 빵 한조각에 7~8천원에 먹을수 있지만 여기는 좋은 분위기는 아니지만 맛있는빵을 먹을수 있는 곳이다.
부추빵은 soso...",5,2022.01.24
"소문만큼이나 빵맛있고 비싸지 않아서 좋아요
2층에 먹을수 있는공간 있는것도 굿이요",5,2023.01.24
"대전 할머니네 내려갈때마다 들려서 한무더기 🌝🌝
고모가 우리집 들릴때마다 뭐 사갈까 고민 안하게 해주는 성심당 감사해요🌝
원래 일편단심 튀김소보루밖에 안먹었는데 이영자님 티비먹방보고 다른 빵들도 먹어보게 됐다 증말 너무 맛있다.. 시식이 소비를 부르는 바람직한 패턴..😌😌
명란바게트로 시작해서 요즘은 우유 고로케에 빠져있다..
그렇게 사람이 몰리고 바쁜데 직원분들도 친절하다.. 증말 신기한집🌝🌝🌝",5,2020.01.24
매장 안에 혼잡함은 어쩔수없지만 계산할 때 혼잡함은 개선의 여지가 있어 보입니다. 비깥에 줄 서는 것도 이해되지만 막상 빵을 다 고르고 계산하기 전에 번잡함은 조금 짜증이 더군요.,5,2024.12.25
"주말이라 줄서서 입장해야했고, 들어가서도 사람이 많아 구매하는데 힘들었어요~",5,2023.01.24
"성심당 빵은 대전에 오면 꼭 먹어보고 꼭 사야하는 빵인데, 우리나라에서는 대전에서만 먹을 수 있는 빵이에요. 대전에는 지점이 4개 있는데, 여행 중 4곳을 모두 방문했어요. 대전으로 가서 녹음해봤는데 세군데서 가장 유명한 파인애플튀김빵과 고구마튀김빵을 먹어봤는데 정말 맛있어서 성심교회 빵을 꼭 먹어보고 싶었어요. .",5,2024.12.25
"한국에서 제일 맛있는 제과점은 아니지만 제일 유명하고 코스파가 좋은 제과점입니다. 시간대에 따라서는 사람이 많기 때문에 다소 복잡할지도 모릅니다.
서울에서 굳이 이 성심당 하나만을 위해 태정에 갈 정도의 맛이 아니라고 생각합니다만, 청주공항에서는 비교적 가깝기 때문에 한번 가보는 것도 좋다고 생각합니다.",5,2024.10.26
"이 지역에서 매우 유명한 빵집입니다. 다들 빵 한 봉지 들고 나오네

소보로와 찹쌀단팥이 맛있었어요",5,2024.11.25
"별 5개 리뷰: 대전의 전설적인 성심당 빵집

대전 성심당 베이커리에서의 저의 특별한 경험을 공유하게 되어 기쁩니다!

뛰어난 기능

1. 풍부한 역사: 오랜 명성을 지닌 사랑받는 기관입니다.
2. 갓 구운 별미: 기대 이상의 군침이 도는 별미.
3. 비교할 수 없는 품질: 대전의 다른 빵집과 비교할 수 없습니다.
4. 퇴폐적인 케이크: 마을에서 가장 맛있는 케이크를 마음껏 즐겨보세요!

개인적인 경험

성심당베이커리는 전설적인 명성을 얻었습니다! 모든 물기는 품질과 신선도에 대한 헌신의 증거였습니다.

내부자 팁

미리 계획하세요! 약 1시간의 대기 시간을 준비하세요. 하지만 저를 믿으세요. 그만한 가치가 있습니다!

평결

대전여행 필수코스 성심당베이커리! 정말 잊을 수 없는 베이킹 경험을 즐겨보세요.

평점: 별 5/5개

우리 돌아올까요? 전적으로!

권장 대상:

- 정통 한국식 구운 과자를 찾는 미식가
- 단 것을 좋아하시는 분
- 색다른 대전 체험을 원하시는 분",5,2024.12.25
이곳은 한 번은 가볼만한 가치가 있지만 두 번은 방문할 수 없습니다. 또한 필요한 빵을 구입할 때도 합리성을 발휘해야 합니다. 오랜 시간을 기다려 가게에 들어간 뒤 보상으로 빵을 많이 사가는 경향이 있다. 그러나 집에 돌아오면 그렇게 많은 빵을 살 필요가 없다는 것을 깨닫게 됩니다. 대전의 유명한 관광지이기 때문에 꼭 가볼만한 가치가 있는 곳입니다.,4,2024.07.28
"비록 많은 종류를 맛보지는 못했지만, 구매하기 위해 줄을 설 시간도 부족했습니다.  그런데 케이크 냄새가 너무 향긋하고 예전에 즐겨 먹어서 또 경험하고 싶어요. 한걸음 한걸음 줄지어 늘어선 긴 줄을 보면 케이크의 질은 말할 필요도 없습니다.  선택할 수 있는 유형이 너무 많습니다.  대전역 빵집에서 찍은 사진들입니다. 아직 구매하지 않으셨다면 집에 가는 길에 역에 들러 오래 기다리지 않고도 구매하실 수 있습니다.",5,2024.04.29
"나온 ❗성 5개.
여기는 반세기 이상부터 하고 있는 빵집입니다.메뉴는 100종류를 넘습니다.로컬의 대전에서 밖에 전개하지 않는 그룹입니다. 100명 정도 나란히 있어 점내도 전쟁입니다.",5,2024.08.27
입장하고 결제하기 위해 줄을 서서 기다릴 준비를 하세요.  또한 먹이주기 열풍에 쉽게 휘말릴 수 있기 때문에 계획했던 것보다 더 많이 구입하기 쉽습니다.  이 장소는 수십 년 동안 존재해 왔습니다.,5,2024.06.28
이 장소는 놀랍습니다. 줄이 엄청 길고 인기가 많은 곳이에요. 저녁시간에 왔는데 사람이 좀 적더라구요. 가장 큰 줄은 신선한 콩 빵이지만 나머지 페이스트리도 훌륭합니다.  나는 더 많이 구입했고 그들의 물건 중 일부는 2일 후에도 여전히 훌륭했습니다.,5,2024.01.24
"대전의 명물
대전에서 여기 가지 않으면 바보라고 생각합니다.
모두 싸고 맛있기 때문에 추천!",5,2024.09.26
"2023.02.11
대전 방문시 꼭 방문해야 할 빵집
달콤한 걸 추천해요.
짠 음식을 사면 바로 드세요. 그렇지 않으면 식어 맛이 없어질 수 있습니다.",5,2024.02.29
이 동네 빵집은 거의 모든 사람들이 성심교회 종이봉투를 들고 기차를 탈 정도로 한국인들에게 인기가 높습니다. 성심교회의 가장 유명한 빵은 팥과 고구마 맛이 나는 파인애플 튀김빵이다. 대전에 오면 꼭 방문해야 할 빵집!!!,5,2024.01.24
"재료가 탄탄하고 맛도 좋은 빵집인데, 버터향이 강해서 아쉽게도 빵집 전체가 시끄러워서 시간이 많이 걸립니다. 빵 사야할 시간.
쇼핑객에게는 빵집에서 가까운 거리에 1시간 무료 주차가 제공됩니다.",5,2024.09.26
나는 제과류 애호가는 아니지만 이곳은 긴 줄과 붐비는 인파에도 불구하고 재미있는 경험이었습니다. 이 가게의 빵 종류는 엄청납니다. 하나하나 다 시도해 볼 수 있었으면 좋겠습니다. 하지만 우리는 결국 8개의 다른 빵밖에 얻지 못했습니다. 그들은 모두 독특하고 아주 맛있었습니다.,5,2024.01.24
"남편과 저는 이른 아침에 이곳을 방문했습니다. 그 유명한 초콜렛빵은 이미 매진이더군요.... (그래도 우리 잘못이야)

우리는 여전히 다양한 종류의 빵과 샌드위치를 ​​가지고 있습니다. 베트남 스타일 샌드위치가 제가 가장 좋아했습니다.

그리고 빵집에서 얼그레이 잼을 먹어보고 너무 신났어요!!! 그건... (집에서) 잼을 열었는데 곰팡이가 생기기 전까지는요!

작은 잼 한 병에 9,000원이니까 여러 번 환불이나 교체를 요청했어요. 그러나 그들은 나를 계속해서 읽게 만들었습니다.

내 생각엔 우리는 다시 돌아갈 수 없을 것 같아요. 이로 인해 물건을 구입하기 전에 얼마나 오랫동안 보관되어 있는지 궁금해졌습니다…",1,2024.01.24
많은 사람들이 한 시간 이상 줄을 서서 기다렸다,5,2024.09.26
매장은 매우 혼잡하지만 줄을 정리할 카운터가 많습니다. 빵이 환상적이네요,5,2024.04.29
독일인인 저도 이 빵집에 깜짝 놀랐습니다. 현지인이라면 누구나 이곳에 꼭 가봐야 할 곳입니다.,5,2024.01.24
비용 효과를 찾는 사람에게는 최고입니다. 합리적인 가격과 높은 품질.,5,2024.10.26
솔직히 과대 광고할만한 가치가 있습니다! 나는 대중의 의견을 따르는 사람은 아니지만 이 빵집은 정말 좋은 빵과 페이스트리를 만듭니다. 항상 긴 줄로 가득 차 있어요. 나는 군중을 절대적으로 싫어합니다!,4,2024.01.24
여기의 음식은 훌륭했습니다. 빵집에는 맛있는 메뉴가 너무 많아서 사진을 찍기 전에 다 먹어봤습니다. 그러나 위층 레스토랑은 훨씬 더 좋았습니다. 구운 스파게티가 너무 맛있었어요.,5,2023.01.24
정말 맛있는 요리와 완벽한 서비스를 제공하는 훌륭한 레스토랑입니다. 특히 외국인이라면 더욱 그렇습니다. 직원들은 매우 친절했고 메뉴 선택에 많은 도움을 주었습니다. 예약 없이 이 레스토랑을 추천합니다. 팀 전체에게 감사드립니다!,5,2024.09.26
다양한 선택이 가능한 환상적인 빵집. 품질은 최고 수준이었습니다. 케이크와 빵 모두 유럽의 많은 국가를 부러워하게 만들 수 있습니다. 3번 방문했는데 갈 때마다 매우 만족스러웠습니다.,5,2019.01.24
빵이 맛있는 정말 유명한 빵집입니다. 튀김 소보로(튀긴 팥 소보로)를 꼭 확인해 보세요. 이 곳의 특산품이므로 친구들에게 가져다 주면 정말 기뻐할 것입니다!,5,2019.01.24
상위 12위 안에 드는 일부 빵은 그다지 좋지 않습니다. 지금까지 우리는 튀긴 소보로 빵만 좋아했습니다. 프랑스 빵은 꽤 달콤해요,5,2024.05.29
근처에 같은 이름을 가진 빵집이 2개 있습니다. 이 실제 빵집을 얻으려면 메인 스트리트에서 더 뒤쪽에 있는 곳으로 가야 합니다. 그들은 거의 모든 페이스트리의 샘플을 보유하고 있으며 지속적으로 샘플을 새로 고치고 있습니다! 쟁반과 집게를 들고 가장 맛있어 보이는 것을 쟁반 위에 올려보세요. 가득 채웠어요!...하지만 먼저 최소 5가지 다른 음식을 맛본 후에야 ㅋㅋㅋ. 위층에는 레스토랑 음식이 있는 2층이 있습니다. 패스트리를 가지고 위층으로 올라가서 먹을 수 있습니다. 그리고 아마도 커피나 수프 또는 정식을 드실 수도 있습니다. 방문하기에 정말 재미있는 곳입니다!,4,2020.01.24
"정말 맛있는 음식들. 세상에, 충분할 수가 없어! 지난 2019년 9월 25일에 거기에 있었고 9월 27일에 돌아와서 더 구입했습니다. 케이크, 페이스트리, 빵은 비교할 수 없을 만큼 훌륭합니다..... 꼭 드셔보세요.",5,2020.01.24
"매우 맛있고 신선한 빵집으로, 이곳은 유명하고 주변 최고의 빵집 중 하나로 알려져 있습니다. 가격도 상당히 저렴하고 선택의 폭도 넓습니다. 적극 권장됩니다.",5,2023.01.24
한국에서 아주 유명한 집이에요. 그래서 이 빵집에는 손님이 많아요. 여기는 사람이 많고 바빠요. 전용 주차장에 무료로 주차하실 수 있습니다. 보고 싶은 빵을 골라서 가격을 결제하시면 됩니다.,4,2020.01.24
매우 바빠요. 주말에는 줄이 어마어마합니다. 그러나 이것은 내가 먹어본 최고의 빵과 구운 음식 중 일부였습니다. 확실히 시도해 볼 가치가 있습니다. 주말에는 가지 마세요.,5,2024.08.27
"대전에 오면 그 유명한 팥빵과 파인애플빵을 꼭 사먹어보세요.
도넛의 질감과 튀긴 반죽의 질감.
매번 꼭 사먹어야 할 따뜻한 라떼, 차 탈 때 따뜻한 동반자!",5,2022.01.24
훌륭한 빵집 가게!,4,2024.11.25
1956년부터 오래된 설립. 이곳이 본점입니다. 매우 혼잡했습니다. 선택의 여지가 너무 많아서 결정하기가 어려웠습니다. 최근 몇 년간 미슐랭 스타를 획득했습니다. 바삭바삭한 팥빵으로 유명합니다. 2층에는 레스토랑이 있었고 맞은편에는 전통 케이크 가게가 있었습니다. 패셔너블한 쇼핑 거리에서.,5,2019.01.24
아마도 한국에서 가장 유명한 빵집이 아닐까 싶습니다. 미셸린 가이드 그린북에 등재되면서 정말 유명해졌죠. 투김소보루는 이 빵집에서 가장 유명한 빵으로 달콤한 팥소를 튀겨낸 빵입니다. 2층에는 커피와 음료를 즐길 수 있는 테이블도 마련되어 있습니다. 본관 옆에는 이곳에서 운영하는 케이크 가게가 있습니다.,5,2018.01.24
"정말 멋진 빵집이지만 '서민'에게 적합합니다. 그들의 빵은 맛있고, 무엇보다 대전 문화의 큰 부분을 차지합니다. 관광 도시가 아닌 것처럼 보일 수 있는 이 도시를 방문하려면 반드시 본사를 방문해야 합니다.",5,2018.01.24
빵이 맛있고 일찍 도착하면 줄이 거의 없어요,5,2024.07.28
빵을 좋아하는 저로서는 이곳이 정말 마음에 들었던 곳이에요!! 빵 디저트에 대한 옵션이 너무 많습니다. 빵을 좋아하는 사람이라면 꼭 방문해야 할 곳,5,2024.01.24
항상 바쁘다. 5월 2일 일요일 저녁 대기열을 공유합니다. 빵집에 굶주린 사람들을 위한 길고 긴 줄. 성심당 빵집은 괜찮은데 매장이 너무 복잡해서 그렇지 않아요.,4,2024.05.29
"지나치게 혼잡할 수도 있지만, 한국(주로 서울)에서 몇 달이 지난 후 이 빵집은 아마도 지금까지 한국에서 내가 가장 좋아하는 빵집일 것입니다. 한국에서는 찾기 힘든 달지 않은 빵도 있었어요.",5,2024.09.26
"오타 역에도 있으며 기본 빵은 나란히 사고있다.
녹색 부추? 빵은 입에 관해 맞지 않았다.
빵의 식감은 멜론 빵에 안이나 크림이 들어있는 느낌",3,2019.01.24
"팥소가 들어간 파인애플빵은 껍질이 살짝 바삭하고, 약간 따뜻한 온도가 달콤하면서도 느끼하지 않은 팥소를 더욱 맛있게 만들어줍니다. 빵 종류도 많고, 페이스트리 종류도 많은데 다 먹어보지 못해서 아쉽네요.",5,2019.01.24
이 장소는 때때로 너무 바빠집니다. 현명하게 하루를 계획하세요. 대기열은 오전 7시에 시작됩니다. 일단 들어가면 거의 모든 사람이 자기 자신을 위한 것입니다.,5,2024.08.27
"매장 분위기는 아늑하고 깔끔하며, 인테리어도 아주 잘 꾸며져 있습니다. 그리고 빵이 정말 부드럽고 달콤해요. 그리고 맛을 보면 더욱 맛있습니다. 그리고 청결도가 좋습니다. 난로 전체가 깨끗해요. 추천음식은 명란바게트, 빅매치, 오징어 먹물이에요.",5,2024.06.28
다양한 빵과 페이스트리를 제공합니다. 대전에 오면 꼭 먹어봐야 할 곳이에요. 지점이 3개 있는데 대전에만 있어요.,5,2019.01.24
"2층 레스토랑에서 점심.
포만하게 되었습니다.
1층 빵집은 여전히 ​​행렬입니다~",4,2024.04.29
"특별한 빵과 페이스트리, 매우 다양하고 서양식 맛과 유사한 것으로 유명합니다. 방문하고 쇼핑할 가치가 있는 곳",5,2024.10.26
대전에서 가장 유명한 빵집이에요. 대전 여행은 여기서 멈추지 않고는 완성이 아닙니다! 선택할 수 있는 것이 너무 많습니다! 모든 것이 완벽한 단맛을 자랑하며 다양한 맛있는 품목도 있습니다. 제가 가장 좋아하는 것(사진에 없음)은 튀김 소보로(튀김 소보로)입니다. 매번 구매합니다. 안에 팥소가 들어있는 슈루젤빵이에요. 휴일에는 꼭 먹어야 할 테마 페이스트리도 있습니다!,5,2020.01.24
"슈퍼 멀티플레이어
맛있는",5,2024.02.29
이 빵집은 제가 이노폴리스 재단에서 훈련을 받은 곳 옆에 있어요. 빵과 쿠키는 훌륭합니다. STP @Innopolis의 10일 프로그램 동안 매일 이 빵집을 방문했습니다.,5,2024.09.26
"대전 방문 시 꼭 사야 할 빵집으로 꼽히는 빵 종류가 많으며, 주요 명물은 파인애플 튀김과 팥빵이고, 2층에는 메인 식사로 돼지갈비 튀김도 있다.",4,2023.01.24
"우리는 프로그램의 일환으로 이곳에 왔습니다. 비록 대전에서 2년 동안 살았지만 그런 가게가 있는지는 몰랐습니다.
#성심당#visitkorea #visitkorea_travel",5,2023.01.24
"훌륭한 빵집, 아직 말하지 않은 내용은 많이 말할 수 없습니다.",4,2024.01.24
대전에 위치한 빵집이에요. 나는 그들이 가진 모든 것을 사랑합니다. 정말 맛있어요.,5,2020.01.24
지금까지 먹어본 빵 중 가장 맛있는 빵,5,2024.06.28
맛있고 저렴한 제과류가 엄청나게 확산됨,5,2024.01.24
저는 튀김소보로를 너무 좋아해요!!! 너무 달지 않아요. 누구에게나 딱 맞는 맛이에요. 나는 모든 사람들에게 그것을 시도해 볼 것을 권하고 싶습니다.,5,2022.01.24
아 이런 아 이런 이런 빵집 팬이라면 이곳은 완벽한 장소입니다. 여기보다 더 좋은 곳을 더 이상 찾을 수 없습니다. 이곳은 쫄깃쫄깃하고 맛있는 페이스트리와 아름다운 케이크와 푸딩이 가장 맛있는 곳입니다. 장소는 두 곳으로 분리되어 있습니다. 페이스트리와 케이크. 바로 옆집이지만 결제는 다른 계산원에서 하세요.,5,2019.01.24
"명물의 호빵 외를 사는 손님으로 행렬을 할 수 있을 정도의 유명점입니다만, 먹어 보면, 큰 일도 없고, 실망한다고 생각합니다.
일본에서 편의점에서 팔고있는 빵이 더 맛있습니다.
행렬에 나란히 시간을 낭비하지 않는 것이 좋습니다.",3,2022.01.24
사인이 다 너무 좋았어요. 팥은 합법적이었습니다.,5,2024.01.24
성심당에는 몇 군데가 있습니다. 나는 모든 방문자가 모든 블로그의 지도를 살펴보는 것을 권장합니다. 물론 빵은 맛있습니다. 가장 유명한 빵은 트위소구마 등 트위소 시리즈이다.,5,2020.01.24
"빵 종류가 정말 많아요. 매우 매력적이고 맛있습니다.
디저트는 옆 매장에 있어요.",5,2023.01.24
맛있는 빵과 과자! 다 맛있어요. 하나만 먹고 싶다면 클래식 롤빵을 먹어도 돼요,5,2024.01.24
"합리적인 가격
양질
케이크가 너무 맛있어요",5,2024.06.28
케이크가 너무 맛있어서 살 때마다 사람이 붐빕니다. 하하,5,2024.01.24
"빵이 맛있어요, 특히 케이크가 맛있어요. 그런데 빵을 앉히는게 정말 힘들어요!!!",3,2019.01.24
한국에서 매우 유명한 빵집. 사람들은 이곳에서 물품을 구입하기 위해 한국 전역에서 여행합니다. 빵의 좋은 선택. 이곳의 일부 품목은 저와 같은 외국인이 좋아하는 맛입니다.,5,2020.01.24
아마도 국내 최고의 빵집이 아닐까 싶습니다. 뛰어난 빵과 한국을 방문하는 경우 꼭 방문해야 합니다.,5,2020.01.24
줄은 기다릴 가치가 있는 것 이상이었습니다.  명성에 걸맞은 빵집에 꼭 가보세요.,5,2022.01.24
대전오시면 여기 꼭 가보세요,5,2021.01.24
매우 바빠요. 15분 정도 줄을 서서 기다렸다. 줄은 빠르게 움직이지만 내부는 사람들로 꽉 차있습니다. 한국의 다른 빵집에서는 볼 수 없는 다양한 빵을 판매하고 있었습니다. 빵은 전반적으로 괜찮았어요.,4,2024.01.24
시그니처 메뉴가 있는 한국 최고의 베이커리 중 하나입니다.,5,2020.01.24
"줄이 있었는데, 가장 잘 팔리는 제품을 골라달라고 하더군요.  다시 한번 말씀드리지만… 그 중 어느 것도 정말 특별한 것은 없었습니다.  사람들은 향수를 불러일으키는 이유로 이곳에서 식사를 하거나, 아니면 유명해서 맛있다고 생각합니다.  (한국인들은 그렇게 해요)

서울과 파주 전역에는 유난히 더 맛있는 페이스트리를 만드는 더 좋은 빵집이 너무 많습니다.  외국인이라면 과대 광고에 빠지지 마십시오.  이 지역에 친구가 몇 명 있는데, 그 친구들은 그냥 평균 수준이라고 경고했어요.  가격은 여전히 ​​평균보다 낮지만, 페이스트리라면 돈을 더 내고 맛있는 것을 먹고 싶습니다.  이곳은 빵집이 많지는 않지만 파주와 고양의 거의 모든 구멍이 더 맛있었습니다.",2,2024.01.24
아주 특별한 빵인데 저는 양파를 별로 안 좋아해요,4,2023.01.24
빵과 속이 다른 빵을 좋아하는 사람들이 많이 찾는 곳.. 대부분의 빵이 달달하다.,4,2023.01.24
"대한민국 대전광역시에 등록된 대전문화의 오랜 역사를 지닌 빵집 성심교회
맛있다 그냥 맛있다",4,2018.01.24
"전국적으로 알려진 대전의 유명한 빵집. 유럽식 빵과 다양한 한국식 빵이 특징입니다.
어느 날이든 그 장소는 붐비고, 특히 주말에는 문 밖에 줄이 자주 늘어서 있습니다. 주말에는 대기 시간이 대략 20분 정도인데 주중에는 그 시간이 줄고, 직원들은 놀라울 정도로 효율적으로 고객을 신속하게 안내합니다.
가격은 대부분의 한국 빵집과 비슷하며 품질은 최고 수준입니다.",4,2024.01.24
치즈 커틀릿이 맛있었습니다!,5,2023.01.24
"전체적으로 괜찮은 빵집.

매장이 예쁘게 잘 꾸며져 있어요. 인테리어 장식은 계절과 잘 어울립니다.

엄청난 양의 구운 식품이 있습니다. 가격도 합리적입니다.

빵의 맛은 좋습니다. 일반적으로 양념이 잘 되어 있거나 맛이 좋습니다.

비록 매우 바쁘지만 거기에는 이유가 있다는 말을 조심하십시오. 경쟁사보다 한 단계 위라는 것은 좋지만 군중의 번거로움을 감수할 가치가 있다는 것이 그만큼 더 나은 것인지는 모르겠습니다.

한적한 시간에 지나가신다면 꼭 한번 들러보세요.",4,2020.01.24
"품질 대비 훌륭한 가격.
인플레이션에도 불구하고 왜 아직도 이러한 저렴한 가격에 판매하는지 잘 모르겠습니다. 고맙게도 이 곳은 내가 다양한 빵, 케이크 등이 가득 담긴 바구니를 구입할 때마다 나에게 안도감을 줍니다. 바로 가기. 대기열에 대해 걱정하지 마십시오. 회전율도 엄청 빠릅니다.",5,2024.01.24
저는 소보로튀김보다는 파이만주를 더 좋아해요. 제가 갔을 땐 주차장이 꽉 차 있었어요.,5,2018.01.24
"낮에 엄청 긴 줄을 봤는데... 20년 전 고등학교, 대학교 때 이 빵집과 아주 좋은 추억이 있어서 다시 가봤는데... 830시 이후에 가면... 있어요. 들어갈 줄이 없어요.",5,2024.01.24
"대전시의 현장.
음식은 정말 맛있고 가격도 적당하지만 오랫동안 줄을 서야 합니다.",4,2020.01.24
"맙소사, 빵의 맛이 정말 놀랍습니다. 정말 좋아해요!",5,2020.01.24
"이 인기 있는 빵집에는 줄이 늘어서 있습니다. 직원들은 세심하고, 음식이 훌륭하게 제공됩니다. 선택할 수 있는 종류가 다양하고, 지금까지 먹어본 모든 것이 맛있었습니다. 부추빵과 튀긴 소보로를 추천합니다.",5,2021.01.24
대전에서 꽤 유명한 곳인데 사실 유명할 만큼 유명한 곳인 것 같아요. 베이커리 품목은 일반적으로 좋지만 솔직히 여기 대부분의 다른 빵집과 크게 다르지도 더 좋지도 않습니다. 특히 주말에는 사람이 많을 때도 있습니다. 월요일 오전 10시인데도 사람이 많네요.,3,2023.01.24
"1956년 설립된 이 곳은 대전에 사는 사람이라면 누구나 다 알고 있을 것이다. 이곳이 나의 일용할 양식이 되어야 하는가? 어쩌면 그렇지 않을 수도 있습니다. 하지만 꼭 방문할 가치가 있는 곳입니다. 생선알 바게트(명란 바게트), 크루아상, 속을 채운 빵을 맛보세요.",5,2023.01.24
훌륭한 가격에 훌륭한 구운 제품!,5,2024.01.24
케이크도 맛있고 가격도 착해요,4,2020.01.24
제가 추천하는 빵집은 성심당이에요. 성심당은 대전에 본사를 두고 있습니다. 대전에서 꽤 유명한 곳이에요. 여기 빵이 엄청 저렴하고 맛있어요. 1층에서 사온 빵은 2층에서도 먹을 수 있어요. 평일에도 웨이팅이 있을 정도로 줄이 긴 곳이에요. 사람은 많았지만 동선도 좋고 직원도 친절했어요. 방문할 때마다 새로운 빵이 나오는 곳이에요. 여기 갈 거면 아침 일찍 가세요. 근처에 주차장이 있으니 차를 가지고 오셔도 괜찮습니다.,5,2024.01.24
"항상 사람들로 붐빕니다! 오후든 밤이든 상관없이, 말 그대로 사람들로 가득 찬 날도 있습니다. 줄을 서다 보면 사람들 사이에 끼어들 수 있습니다. 하지만! 빵이 너무 맛있어요 😍 팥빵의 특별함을 좋아해요 ❤ 전반적으로 달콤한 빵이 부드럽고 속이 꽉 차있어요 👍 그래서 제 입장에서는 가격 대비 가치가 있으니 줄을 서기만 하면 돼요 😁…",5,2020.01.24
"선물로 받고 먹으면
한국에도 맛있는 빵이 있다고 생각하고 가격을 알면 싸고 놀랐다.
대전에 방문하면 성심당에 직접 사고 싶다.",5,2024.01.24
"독특하고 맛있는 빵들이 많이 있어요. 그들은 심지어 튀긴 라이스 롤을 먹었고 나는 그것이 굉장하다는 것을 알았습니다. 확실히 대전 최고의 빵집 중 하나입니다. 성수기에는 사람이 많이 붐비지만, 직원들의 수준 높은 군중 통제 덕분에 빵을 아주 원활하게 쇼핑할 수 있습니다.",5,2018.01.24
"대전 성심당은 한국에서 매우 유명하고 훌륭한 빵집입니다.
대전성심당에서는 튀김소보로, 샌드위치, 소금빵을 판매하고 있습니다. 엄청나게 맛있습니다. KTX나 버스를 타고 갈 수 있어요. 사람이 너무 많지만 대부분 관광객이에요. 양손 가득 빵을 사먹는 곳이다.",5,2024.01.24
대전에서 유명한 빵집이에요. 매우 인기 있고 맛있습니다. 가격도 착하고 메뉴도 많아서 다양하고 맛있는 빵을 맛볼 수 있어요. 직원들은 매우 친절하고 유익합니다.,5,2023.01.24
대전에 가면 파인애플빵은 꼭 먹어봐야 한다고 다들 하더라고요. 정말 맛있어요! 바삭바삭한 크루아상도 샀어요,5,2024.01.24
"대전 성심당은 한국에서 매우 유명하고 훌륭한 빵집입니다.
너무 큰 건물이에요. 대전성심당은 소금에 튀긴 소보로와 샌드위치 그리고 소금빵이 나옵니다. 엄청나게 맛있습니다. KTX나 버스를 타고 갈 수 있어요. 사람이 너무 많지만 대부분 관광객이에요. 양손 가득 빵을 사먹는 곳이다. 대전 성심당으로 가자!",5,2024.01.24
선택할 수 있는 빵이 많다,5,2020.01.24
"멋진 인테리어, 달콤한 케이크부터 짭짤한 케이크까지 모든 종류의 고품질 케이크를 매우 저렴한 가격에 제공합니다(많은 달콤한 페이스트리가 1000원에 불과합니다). 직원들은 친절하고 매우 효율적이며 모든 제품을 지속적으로 리필합니다. 전반적으로, 내 모든 패스트리 갈망을 위해 확실히 돌아올 것입니다. ❤️💯…",5,2020.01.24
조금 비싸긴 하지만 맛있습니다. 매장에 손님이 너무 많아서 많이 붐비긴 했지만 쇼핑하기 좋은 기분이 들었습니다.,5,2024.01.24
크리스마스 케이크 픽업을 위한 최고의 선택(원래 매장 바로 옆에 케이크 부티크가 있습니다. 둘 다 꼭 확인하세요). 즐거움이 가득한 가방을 구입하는 것만으로도 서울에서 대전까지 여행할 가치가 있습니다.,5,2018.01.24
